{"type": "block", "layer": 23, "block": 0, "features": [{"geom": {"polygons": [[[[-529.231514044106, 441.3090093275532], [-514.9343514065258, 442.987547935918], [-514.2664552698843, 434.3537048175931], [-514.139861965552, 434.35075354762375], [-512.9033601433039, 433.9210861045867], [-511.07410992123187, 432.6328293867409], [-509.2738330787979, 430.07771832868457], [-508.50466276844963, 427.6941735930741], [-508.92741790646687, 427.68279887735844], [-508.83668310567737, 426.11752139031887], [-508.5621556616388, 426.1111958017573], [-507.6927521233447, 426.26024349872023], [-508.5068323817104, 431.28527521248907], [-500.02331946231425, 432.7593375882134], [-499.2088175471872, 427.75538037903607], [-498.4016604842618, 427.9481235742569], [-499.1759740691632, 432.8665244402364], [-459.7676476216875, 439.84088464826345], [-451.34076127549633, 391.020285949111], [-490.6835674024187, 384.1290284078568], [-491.6273103011772, 389.03026475571096], [-494.11003727978095, 388.5381536995992], [-493.4159401021898, 383.8115624897182], [-501.90363904321566, 382.1475609932095], [-502.63074745843187, 387.27612005826086], [-506.02584875328466, 386.6147308377549], [-505.8581174542196, 385.6392572168261], [-505.75069677317515, 382.9540892774239], [-505.4546687169932, 382.96841366495937], [-504.9632355812937, 374.9300545277074], [-503.41425930848345, 375.2325090980157], [-502.3414544342086, 360.3155987225473], [-502.73083473043516, 357.15599268116057], [-504.5949089950882, 351.41087358631194], [-506.4110280354507, 347.75591132137924], [-507.9348896467127, 345.78422050364316], [-508.94844764564186, 344.87804407440126], [-511.775991586037, 341.33072782307863], [-513.9126884965226, 339.35202114935964], [-517.5786856315099, 337.00693920999765], [-522.1774376137182, 334.5142176784575], [-522.6917652999982, 343.3980436222628], [-522.373120051343, 343.47517314366996], [-529.231514044106, 441.3090093275532]]]], "centroids": [[-496.2295748484321, 401.9079736592248, 124.82968139648438]], "h": 12.0}, "mtl": {"idx": 0}}], "featureCount": 1, "startIndex": 0}