{"type": "block", "layer": 25, "block": 0, "features": [{"geom": {"polygons": [[[[-559.7669929792173, 289.3226201478392], [-496.7293769251555, 300.24266045261174], [-486.3616078067571, 243.67646681331098], [-493.07919781049713, 242.37507480662316], [-492.61057086242363, 239.81154905911535], [-486.0471590110101, 240.96437565423548], [-482.7521992744878, 221.8384497826919], [-545.8787941387855, 210.56641086842865], [-549.3603162509389, 229.84431820735335], [-542.7974454811774, 230.99691085796803], [-543.36203605216, 233.820419925265], [-549.8667467175983, 232.59837646223605], [-559.7669929792173, 289.3226201478392], [-559.7669929792173, 289.3226201478392]], [[-538.1448957119137, 278.07143830507994], [-534.1434921277687, 254.7943457774818], [-508.80504745198414, 259.444631813094], [-513.140502366703, 282.8771524168551], [-538.1448957119137, 278.07143830507994]]]], "centroids": [[-520.9780967952684, 253.82063314504921, 110.83885955810547]], "h": 6.0}, "mtl": {"idx": 0}}], "featureCount": 1, "startIndex": 0}