{"type": "block", "layer": 26, "block": 0, "features": [{"geom": {"polygons": [[[[-639.1589792277664, 135.10689781047404], [-648.6764164464548, 192.3513483647257], [-646.0063664535992, 192.79656293801963], [-646.4643125543371, 195.56175243575126], [-648.3105936935171, 195.2559371367097], [-648.2291613519192, 194.76705739740282], [-652.4578663180582, 194.06988370139152], [-655.3492748425342, 211.62111836019903], [-651.1181051074527, 212.24119528848678], [-651.0661202655174, 211.81373816356063], [-649.6512945410796, 212.15233801770955], [-650.1011877446435, 214.87296393886209], [-634.4942381372675, 217.290197215043], [-634.0887166075408, 214.67323219776154], [-626.1853128285147, 215.8988650944084], [-626.1853128285147, 215.8988650944084], [-623.5897416062653, 199.1608787663281], [-627.9017285136506, 198.49219858832657], [-627.8445239844732, 198.11900151334703], [-631.1255163541064, 197.61669663060457], [-630.8390241353773, 195.74435594771057], [-628.8114608461037, 196.0507486173883], [-619.5156952720135, 138.852133680135], [-639.1589792277664, 135.10689781047404]]]], "centroids": [[-635.9068047599867, 178.86069135833532, 108.8540267944336]], "h": 15.0}, "mtl": {"idx": 0}}], "featureCount": 1, "startIndex": 0}