{"type": "block", "layer": 29, "block": 0, "features": [{"geom": {"polygons": [[[[-581.324245695956, -143.12898698449135], [-565.2255815588869, -141.03983995504677], [-555.2968610287644, -140.04651242960244], [-541.5180033636279, -139.2907395903021], [-530.3820564001799, -139.14695041254163], [-516.8674058583565, -139.2311508934945], [-507.26583369541913, -139.64422763697803], [-505.64167199796066, -146.6923928912729], [-504.28234316734597, -154.4899884648621], [-503.2330251997337, -160.52462696749717], [-489.46889242203906, -158.09396524447948], [-489.06194936996326, -147.7908056071028], [-476.0963865262456, -149.78137222770602], [-473.6441026441753, -163.43210319522768], [-468.64865712588653, -162.61829250864685], [-467.0755279851146, -171.56835236400366], [-472.0004866379313, -172.6758193578571], [-467.23704668320715, -199.3898879652843], [-471.29342654300854, -196.32463865540922], [-474.3963452996686, -193.56778117548674], [-477.69006692944095, -189.70338410325348], [-481.83654367364943, -184.12626103591174], [-484.7798362141475, -178.9458934860304], [-486.05024730134755, -178.64026691485196], [-486.75684278830886, -175.52269391342998], [-503.0508315884508, -178.56429688353091], [-504.52478621155024, -191.07253426872194], [-506.40075739612803, -191.38341410830617], [-505.8994481191039, -194.3217404242605], [-515.028592585586, -196.12285387516022], [-517.5359174208716, -181.36337971501052], [-526.5768389231525, -182.91478434577584], [-528.2117443992756, -195.1302465070039], [-529.8392510935664, -195.39368204958737], [-529.3559381379746, -198.8527272734791], [-538.2612716527656, -200.3575616898015], [-541.0663111037575, -185.21609049476683], [-550.1509048277512, -186.94889039266855], [-551.4206324638799, -199.50067946035415], [-553.205725886859, -199.85599965043366], [-552.7027653297409, -202.97545039560646], [-561.8792227027006, -204.55053726024926], [-564.5010325815529, -189.65641418192536], [-580.3233273820952, -192.26389033533633], [-580.4774969392456, -182.53158490546048], [-578.8950509512797, -182.29117453284562], [-578.800645319745, -182.7205231981352], [-573.8522954769433, -181.70324825681746], [-574.6919570057653, -176.34594591986388], [-581.5404554554261, -177.51576751843095], [-581.7746734959073, -166.40327044483274], [-584.908596444875, -165.25393682718277], [-582.8338538575917, -159.25959955342114], [-581.5625631245784, -159.6783724753186], [-581.324245695956, -143.12898698449135]]]], "centroids": [[-531.5333808194846, -167.35031145904213, 92.0]], "h": 12.0}, "mtl": {"idx": 0}}], "featureCount": 1, "startIndex": 0}