{"type": "block", "layer": 30, "block": 0, "features": [{"geom": {"polygons": [[[[-756.7763189985417, -420.044458437711], [-748.2146512721665, -418.5433265194297], [-748.5900335432962, -416.40284388605505], [-749.3077597166412, -416.52872573025525], [-749.6784746795893, -414.4144275560975], [-751.7927729887888, -414.78514282777905], [-753.0925450678915, -407.3720693839714], [-750.978245201055, -407.001353523694], [-751.3489609211683, -404.8870533499867], [-743.935881563928, -403.58728393539786], [-743.5651674014516, -405.70158469770104], [-741.4508667769842, -405.3308708406985], [-740.1511032730341, -412.74394753575325], [-742.2654023412615, -413.11466080043465], [-741.8946889359504, -415.2289595613256], [-742.612547784578, -415.35484241880476], [-742.2371682766825, -417.4951930362731], [-733.6756283612922, -415.9940749844536], [-727.0280489181168, -453.90802089869976], [-725.0050110146403, -453.5533133400604], [-718.3689618306234, -491.40178787056357], [-720.3919921237975, -491.7564925486222], [-719.5681726559997, -496.45494149345905], [-728.1297766044736, -497.9560351148248], [-727.7544037504122, -500.09636816661805], [-727.0366834406741, -499.97048909030855], [-726.6659754551947, -502.08490209374577], [-724.5515625886619, -501.7141944160685], [-723.2518259738572, -509.1272000996396], [-725.3661047886126, -509.4979056986049], [-724.9953990522772, -511.61218420788646], [-732.4085313198157, -512.9119249777868], [-732.7792386128567, -510.7976470598951], [-734.8935166699812, -511.1683546593413], [-736.1932618627325, -503.75535222142935], [-734.078982246574, -503.38464403152466], [-734.4496902991086, -501.2703641112894], [-733.7318376763724, -501.1444830670953], [-734.1072132936679, -499.004018003121], [-742.6686785737984, -500.5052549978718], [-749.304817058146, -462.65670142974705], [-746.3031272394583, -462.1305029289797], [-747.1382990689017, -457.3667067680508], [-750.1401213109493, -457.8930397918448], [-756.7763189985417, -420.044458437711]]]], "centroids": [[-737.5633184476756, -458.74355977680534, 74.55870819091797]], "h": 21.0}, "mtl": {"idx": 0}}], "featureCount": 1, "startIndex": 0}