{"type": "block", "layer": 31, "block": 0, "features": [{"geom": {"polygons": [[[[-655.378039106261, -520.205077284947], [-661.3522395011969, -482.2465313030407], [-658.3417458250187, -481.77273650933057], [-659.0936767421663, -476.9952850136906], [-662.1041718572378, -477.46908029261976], [-668.078427309636, -439.51037200540304], [-659.4920223774388, -438.15891403891146], [-659.8298197756521, -436.0123115181923], [-660.5496747400612, -436.1256218571216], [-660.8834675415419, -434.0052112303674], [-663.0038798055612, -434.3388718375936], [-664.174095090013, -426.90420223679394], [-662.0535487527959, -426.57053960394114], [-662.3873422415927, -424.4501269515604], [-654.9526668237522, -423.2799145365134], [-654.6188749116845, -425.4003277234733], [-652.4984603812918, -425.0666686091572], [-651.3283862783574, -432.5013426486403], [-653.448799232021, -432.8350012274459], [-653.1150065171532, -434.95554488524795], [-653.8349941400811, -435.06885622628033], [-653.4970655324869, -437.215457694605], [-644.910523855593, -435.86401076987386], [-638.9260808113031, -473.88809394743294], [-636.8972120294347, -473.56885296851397], [-630.9231027457863, -511.52731681708246], [-632.9519623331726, -511.84668767638505], [-632.2103227009065, -516.5587795041502], [-640.7967950529419, -517.9102029111236], [-640.4588724826463, -520.0567865874618], [-639.7390234768391, -519.9434788133949], [-639.4052385222167, -522.063871493563], [-637.2848444986157, -521.7302193343639], [-636.1147947870195, -529.1648214673623], [-638.2351872320287, -529.498473093845], [-637.9014014755376, -531.6189962401986], [-645.3359977938235, -532.7890488225967], [-645.6697836373933, -530.6686587044969], [-647.7901753955521, -531.0023123528808], [-648.9603662872687, -523.5677146567032], [-646.839840458706, -523.2340589798987], [-647.1736284806393, -521.1135343415663], [-646.4537796382792, -521.0002260776237], [-646.7915710029192, -518.8536413498223], [-655.378039106261, -520.205077284947]]]], "centroids": [[-649.5441953409463, -478.53897483833134, 75.58991241455078]], "h": 21.0}, "mtl": {"idx": 0}}], "featureCount": 1, "startIndex": 0}