{"type": "block", "layer": 33, "block": 0, "features": [{"geom": {"polygons": [[[[-676.1468399064615, -364.39404227398336], [-656.5023599029519, -361.25873871333897], [-653.6731744757853, -378.983625725843], [-655.0231755436398, -379.19903454743326], [-654.0532294027507, -385.2749581327662], [-652.8176472634077, -385.077797931619], [-649.9784772060812, -402.87872481532395], [-669.501612547785, -405.99169963691384], [-672.3553244578652, -388.1026945700869], [-671.0133938724175, -387.88856692425907], [-671.9901111563668, -381.76528337597847], [-673.33640896203, -381.9799904692918], [-676.1468399064615, -364.39404227398336]]]], "centroids": [[-663.0319306463934, -383.6000002110377, 79.99365997314453]], "h": 9.0}, "mtl": {"idx": 0}}], "featureCount": 1, "startIndex": 0}