{"type": "block", "layer": 35, "block": 0, "features": [{"geom": {"polygons": [[[[-544.492390722502, -587.9362223614007], [-528.5814133551903, -584.1614334238693], [-525.4454659540206, -597.1708621475846], [-532.3209232343361, -598.8285353546962], [-532.0356632736512, -599.9698163447902], [-541.0516248191707, -602.0331676891074], [-544.492390722502, -587.9362223614007]]]], "centroids": [[-535.036964151077, -592.9208826739341, 70.26290130615234]], "h": 3.0}, "mtl": {"idx": 0}}], "featureCount": 1, "startIndex": 0}