{"type": "block", "layer": 36, "block": 0, "features": [{"geom": {"polygons": [[[[-505.0182745116763, -485.12929759174585], [-505.6169595941901, -481.63679842930287], [-458.2189775845036, -473.4726182362065], [-457.6696861498058, -476.66262452397496], [-432.45219384506345, -472.06381239183247], [-428.2522860071622, -494.96681917551905], [-427.390713409055, -494.8002570364624], [-416.89438682142645, -551.6942431200296], [-438.1122508025728, -555.608856247738], [-448.62489896221086, -498.6291001038626], [-444.1274667154066, -497.67370115499943], [-444.53160560363904, -495.63306251354516], [-453.82978730555624, -497.2370597627014], [-452.4957397268154, -504.2662342088297], [-499.9164878115989, -512.4079563058913], [-501.10297509096563, -505.4946744311601], [-510.26183950249106, -507.0540935024619], [-509.84283062722534, -509.49726035259664], [-525.2219718503766, -512.1337695401162], [-526.6748524475843, -503.66078200377524], [-524.8300515203737, -503.340850321576], [-525.6439075130038, -498.58900650404394], [-527.6362171582878, -498.930472092703], [-529.5067774867639, -489.8204140262678], [-528.9233767413534, -489.70029864646494], [-529.0242430963553, -489.20067224651575], [-505.0182745116763, -485.12929759174585]]]], "centroids": [[-463.83048034785315, -502.958156183362, 78.03703308105469]], "h": 15.0}, "mtl": {"idx": 0}}], "featureCount": 1, "startIndex": 0}