{"type": "block", "layer": 37, "block": 0, "features": [{"geom": {"polygons": [[[[-448.62802854413167, -615.0573499826714], [-402.57158924173564, -606.7918736673892], [-403.04171343287453, -604.1717373095453], [-400.1142444135621, -603.6463539525867], [-399.6130386162549, -606.4385367417708], [-395.91936777345836, -605.7743015429005], [-390.064819755964, -639.9820134444162], [-421.4433582308702, -645.6382867414504], [-422.1571938563138, -641.9650648776442], [-443.13541486207396, -645.4664498483762], [-445.9138579699211, -630.0841798000038], [-455.398912047036, -631.7562429187819], [-454.6291431891732, -636.6100244000554], [-474.7893542009406, -640.1496032560244], [-481.51120642665774, -602.2483057454228], [-456.6720698699355, -597.7231746111065], [-451.5441338913515, -625.885085914284], [-446.82757306611165, -625.0256931502372], [-448.62802854413167, -615.0573499826714]]]], "centroids": [[-435.2067782576196, -623.8396547138691, 69.7952880859375]], "h": 6.0}, "mtl": {"idx": 0}}], "featureCount": 1, "startIndex": 0}