{"type": "block", "layer": 39, "block": 0, "features": [{"geom": {"polygons": [[[[-570.0631873593666, -375.62004707194865], [-567.6901412471198, -375.2199597302824], [-568.0806900979951, -372.91743531636894], [-561.4192688683979, -371.7860578633845], [-561.0551463873126, -373.93039460480213], [-559.253892401699, -373.6245901323855], [-558.0926827639341, -380.46483073942363], [-560.0845226030797, -380.80298914480954], [-559.8394523002207, -382.2466101394966], [-560.2399410195649, -382.3141861706972], [-559.8587257307954, -384.5763972355053], [-551.8187445118092, -383.3069637278095], [-544.1743427668698, -431.5378149803728], [-552.6943895691074, -432.8885587947443], [-552.3116508671083, -435.3456661654636], [-551.8566075474955, -435.27469514589757], [-551.6092623104341, -436.8620580099523], [-549.5080269305035, -436.5314200380817], [-548.5036226706579, -442.92085166927427], [-550.6094895657152, -443.2519387770444], [-550.2134934477508, -445.76865743193775], [-556.8755442751572, -446.8160130493343], [-557.2241996573284, -444.5973119093105], [-559.4728120756336, -444.9492189651355], [-560.5520013575442, -438.04900210537016], [-558.1372415437363, -437.6713755633682], [-558.3788056708872, -436.1268818732351], [-558.0802495633252, -436.08032840210944], [-558.4329623868689, -433.8072080668062], [-566.7280670991167, -435.10481687635183], [-567.5248091546819, -430.0269041508436], [-569.4401932847686, -430.32842535711825], [-570.2375607965514, -425.3601047899574], [-568.1874608350918, -425.0305670471862], [-572.692917203065, -396.99709823168814], [-574.5119401914999, -397.2895878730342], [-575.3171156169847, -392.3226636853069], [-573.2808569227345, -391.98718369565904], [-574.1278133024462, -386.87522749975324], [-565.5894138421863, -385.4444795520976], [-565.93560516648, -383.38647472765297], [-566.5426904587075, -383.4885730855167], [-566.8329312144779, -381.7634732956067], [-568.9726625718176, -382.1244973614812], [-570.0631873593666, -375.62004707194865]]]], "centroids": [[-559.390297926031, -409.3192214081064, 82.31291198730469]], "h": 15.0}, "mtl": {"idx": 0}}], "featureCount": 1, "startIndex": 0}