{"type": "block", "layer": 41, "block": 0, "features": [{"geom": {"polygons": [[[[-439.92361150635406, -186.9781488617882], [-380.5556978038512, -175.73512374330312], [-366.28039125399664, -251.11668691132218], [-425.64786422019824, -262.3593982113525], [-439.92361150635406, -186.9781488617882]]]], "centroids": [[-403.1018862775527, -219.0472855772823, 90.09455108642578]], "h": 9.0}, "mtl": {"idx": 0}}, {"geom": {"polygons": [[[[-432.7692419276573, -61.62535180430859], [-405.80554991727695, -56.73064400162548], [-400.70229003578424, -84.19222383573651], [-404.7409306676127, -84.94239593110979], [-403.1401539905928, -93.58518702629954], [-399.0970251993276, -92.83377327211201], [-394.01061262981966, -120.19088832475245], [-397.8950418368913, -120.91282130405307], [-396.5437897173688, -128.4173492109403], [-396.2875863555819, -129.59685157891363], [-392.3514156774618, -128.86877371370792], [-387.2732575344853, -156.32036706246436], [-414.14187946682796, -161.29076431505382], [-414.14187946682796, -161.29076431505382], [-415.3893437818624, -154.59854447841644], [-440.4370690602809, -159.05805082712322], [-457.3735649115406, -71.3371354714036], [-431.72498961212113, -66.70400357898325], [-432.7692419276573, -61.62535180430859]]]], "centroids": [[-422.24157227389514, -110.75665178894997, 93.33905029296875]], "h": 9.0}, "mtl": {"idx": 0}}], "featureCount": 2, "startIndex": 0}