{"type": "block", "layer": 46, "block": 0, "features": [{"geom": {"polygons": [[[[35.49832585314289, 226.44040399976075], [64.1784707386978, 231.62626271508634], [65.4224467468448, 224.92466327548027], [57.063737684395164, 219.9037463562563], [37.31959309056401, 216.26341229025275], [35.49832585314289, 226.44040399976075]]]], "centroids": [[50.07288551656529, 224.06723522022367, 116.60547637939453]], "h": 3.0}, "mtl": {"idx": 0}}], "featureCount": 1, "startIndex": 0}