{"type": "block", "layer": 48, "block": 0, "features": [{"geom": {"polygons": [[[[-8.263415739871562, -383.0764786405489], [-0.6605761023238301, -382.14565777685493], [-0.4738866235129535, -383.8152169920504], [2.2558306520804763, -383.4440128542483], [1.6742525910958648, -378.7514845728874], [44.94524051435292, -373.5139843970537], [45.24734850693494, -375.86019119620323], [49.893552432302386, -374.96284468472004], [50.28601709660143, -377.33136391825974], [53.37658154172823, -376.91373794246465], [53.37658154172823, -376.91373794246465], [54.401162564288825, -385.46419460047036], [51.62615073285997, -385.790305766277], [52.06241437187418, -387.79750148393214], [47.235369712114334, -388.65035453345627], [47.56208120053634, -391.5382588217035], [47.56208120053634, -391.5382588217035], [32.22189173894003, -393.67112750187516], [32.22189173894003, -393.67112750187516], [31.852202379144728, -391.3251506211236], [29.89125251537189, -391.69000739697367], [30.24463419895619, -393.70316261891276], [27.48729759361595, -394.187700250186], [27.138177502900362, -392.20020501781255], [-4.823611233383417, -397.8024314455688], [-5.768114309292287, -392.6146608805284], [-6.850798572413623, -392.79916321579367], [-8.263415739871562, -383.0764786405489]]]], "centroids": [[23.168807548470795, -385.24350965954363, 90.99895477294922]], "h": 12.0}, "mtl": {"idx": 0}}], "featureCount": 1, "startIndex": 0}