{"type": "block", "layer": 49, "block": 0, "features": [{"geom": {"polygons": [[[[-198.7434530686587, 176.82421392481774], [-175.88736607460305, 181.20950618945062], [-175.03902324289083, 176.74061635695398], [-161.91927075758576, 179.21563216112554], [-157.64407912828028, 156.45771620515734], [-184.03915627580136, 151.33552817627788], [-185.7437445446849, 158.99053541757166], [-195.09933175332844, 157.19864948932081], [-195.66476424224675, 160.0475920950994], [-198.28194321878254, 159.54253348894417], [-200.68279318511486, 172.02394780889153], [-197.92422292474657, 172.55364980455488], [-198.7434530686587, 176.82421392481774]]]], "centroids": [[-178.64456713711843, 166.71150529757142, 108.44828033447266]], "h": 6.0}, "mtl": {"idx": 0}}], "featureCount": 1, "startIndex": 0}