{"type": "block", "layer": 53, "block": 0, "features": [{"geom": {"polygons": [[[[-130.73237392818555, -36.64228368643671], [-133.5308308508247, -19.98820581845939], [-125.71662575285882, -18.476578715257347], [-126.14784622332081, -16.060441562905908], [-111.25942491181195, -13.402354976162314], [-111.25942489411682, -13.402354973368347], [-110.77584342611954, -16.116337111219764], [-105.86976358899847, -15.253078882582486], [-104.02911017416045, -25.649419583380222], [-103.68061536969617, -25.587874866090715], [-103.68061535898596, -25.58787486422807], [-102.63767327275127, -31.48820396885276], [-102.63767327228561, -31.488203970715404], [-107.80768595449626, -32.401853792369366], [-107.4229485350661, -34.584349737502635], [-107.40251303790137, -34.70596664585173], [-122.47451069997624, -37.23855212330818], [-122.82515066722408, -35.249416093342006], [-130.73237392818555, -36.64228368643671]]]], "centroids": [[-118.08813649229705, -25.702523325569928, 100.5208740234375]], "h": 12.0}, "mtl": {"idx": 0}}, {"geom": {"polygons": [[[[-195.61556252930313, -110.36519349180162], [-191.95376584352925, -109.72388600930572], [-190.92090641660616, -109.53700014296919], [-190.92379669938236, -109.52061163820326], [-190.90522902831435, -109.51694712974131], [-191.17834076844156, -107.96834716945887], [-177.28898225352168, -105.52255809213966], [-175.06344546657056, -105.12526723183692], [-174.7124030198902, -107.11411747243255], [-171.20246952120215, -106.48445674683899], [-167.7082130308263, -105.87485023774207], [-167.71075260685757, -105.85806526523083], [-167.69253558898345, -105.85479725431651], [-164.55594829143956, -123.5429307539016], [-171.83360874978825, -124.65472703427076], [-171.59578278614208, -126.02400322724134], [-187.59875786537305, -128.8816121770069], [-187.84262222796679, -127.49398467503488], [-192.50687521742657, -128.31467862520367], [-193.75298896897584, -121.23449270892888], [-191.75234433216974, -120.88214683625847], [-192.39254147186875, -117.14189140778035], [-194.33999497070909, -117.4854502659291], [-195.61556252930313, -110.36519349180162]]]], "centroids": [[-180.09066764637828, -116.87482723779976, 94.09171295166016]], "h": 12.0}, "mtl": {"idx": 0}}, {"geom": {"polygons": [[[[-190.92360432166606, -109.52057366911322], [-191.95376584352925, -109.72388600930572], [-193.3007662347518, -102.15333736501634], [-202.69000121206045, -103.81714990828186], [-216.46479650074616, -26.401074174791574], [-191.89268215373158, -22.028950116597116], [-191.79341496899724, -22.58613463770598], [-183.86095288628712, -21.174777704291046], [-178.67829672805965, -50.32554651610553], [-186.60648248158395, -51.738039653748274], [-178.11794472113252, -99.44496445637196], [-178.36261243699118, -99.48851917870343], [-177.28898225352168, -105.52255809213966], [-191.1812986000441, -107.9515756610781], [-190.92360432166606, -109.52057366911322]]]], "centroids": [[-195.54989648004994, -61.85826254915446, 97.21273040771484]], "h": 15.0}, "mtl": {"idx": 0}}, {"geom": {"polygons": [[[[-133.5308308508247, -19.98820581845939], [-130.73237392818555, -36.64228368643671], [-130.03006118535995, -40.62968632020056], [-177.36012701969594, -48.96653258614242], [-182.4261672613211, -20.206042400561273], [-135.01659070001915, -11.939948271028697], [-133.5308308508247, -19.98820581845939]]]], "centroids": [[-156.20410305960104, -30.428309194743633, 99.5398178100586]], "h": 12.0}, "mtl": {"idx": 0}}, {"geom": {"polygons": [[[[-119.75201344909146, -97.85748166032135], [-117.14431885164231, -114.97114336397499], [-116.47889306442812, -118.89611495379359], [-163.9071099353023, -127.21563816443086], [-164.57162571232766, -123.562983693555], [-171.83360874978825, -124.65472703427076], [-164.55594829143956, -123.5429307539016], [-167.69253558898345, -105.85479725431651], [-167.71075260685757, -105.85806526523083], [-168.83288673404604, -98.44147821795195], [-121.22277353983372, -90.21196904964745], [-119.75201344909146, -97.85748166032135]]]], "centroids": [[-142.62328679533675, -108.67491277959198, 94.96324920654297]], "h": 12.0}, "mtl": {"idx": 0}}, {"geom": {"polygons": [[[[-117.14431885164231, -114.97114336397499], [-119.75201344909146, -97.85748166032135], [-111.99988524708897, -96.42886542715132], [-112.3565496779047, -94.49308020621538], [-112.3565496779047, -94.49308020621538], [-112.42864092392847, -94.01996106654406], [-97.18593419576064, -91.69737488590181], [-97.18593420414254, -91.69737488776445], [-96.75309122307226, -94.04629048984498], [-88.9401101176627, -92.60773506294936], [-88.94011011812836, -92.60773506294936], [-88.76037841662765, -92.58034899644554], [-86.18471673736349, -109.48414805810899], [-86.18471673736349, -109.48414805810899], [-93.82488138927147, -110.82813622802496], [-93.5763941872865, -112.44059691205621], [-93.50363603094593, -112.91809915285558], [-108.83159434376284, -115.25366903282702], [-109.14819462224841, -113.60592699889094], [-117.14431885164231, -114.97114336397499]]]], "centroids": [[-103.02303310483694, -103.60007342416793, 95.77595520019531]], "h": 12.0}, "mtl": {"idx": 0}}, {"geom": {"polygons": [[[[-177.6806469121948, -186.72441308759153], [-161.3536231154576, -183.867582956329], [-161.13436983060092, -185.21161605790257], [-161.1189378714189, -185.20883554499596], [-161.11892423592508, -185.20891347061843], [-154.91730104200542, -184.12378854863346], [-151.73915254930034, -202.28735357057303], [-158.2362060798332, -203.40954381227493], [-157.92030048929155, -205.24332780204713], [-157.92030061827973, -205.24332782346755], [-173.9811935229227, -208.00599560514092], [-174.30495172785595, -206.12207741849124], [-178.99549251561984, -206.91138134896755], [-178.99549251794815, -206.91138133592904], [-180.24872403312474, -199.6299322070554], [-178.18713849922642, -199.29106434900314], [-178.79984041675925, -195.650314245373], [-178.82345989299938, -195.6544536696747], [-180.7553715123795, -195.99303038232028], [-182.0365075338632, -188.8943592077121], [-177.44270217278972, -188.08069255575538], [-177.6806469121948, -186.72441308759153]]]], "centroids": [[-166.78124889126047, -195.7035297304392, 92.91641998291016]], "h": 12.0}, "mtl": {"idx": 0}}, {"geom": {"polygons": [[[[-86.18471673736349, -109.48414805810899], [-88.76037841662765, -92.58034899644554], [-88.94011011812836, -92.60773506294936], [-90.45947247836739, -84.35887897387147], [-42.805881440639496, -75.58500949852169], [-38.027298651169986, -105.54378978628665], [-85.31804482219741, -114.27074595820159], [-86.18471673736349, -109.48414805810899]]]], "centroids": [[-64.11919655557722, -94.92060530278832, 98.73967742919922]], "h": 12.0}, "mtl": {"idx": 0}}, {"geom": {"polygons": [[[[-97.18593419576064, -91.69737488590181], [-112.42864092392847, -94.01996106654406], [-112.3565496779047, -94.49308020621538], [-114.59400808438659, -94.83205076027662], [-124.6509417053312, -37.63223626464605], [-122.47451069997624, -37.23855212330818], [-122.47451069997624, -37.23855212330818], [-107.40251303790137, -34.70596664585173], [-107.4229485350661, -34.584349737502635], [-107.42294853413478, -34.5843497402966], [-105.11097284359857, -34.33081361558288], [-95.16815287293866, -91.34960226994008], [-97.18593419576064, -91.69737488590181]]]], "centroids": [[-109.89963765721768, -64.4233950600028, 98.70975494384766]], "h": 12.0},