{"type": "block", "layer": 9, "block": 0, "features": [{"geom": {"polygons": [[[[263.82278075860813, -423.06962023768574], [265.0086633255705, -429.6306196246296], [268.2669572378509, -448.0495797675103], [192.92809746600688, -461.08898668177426], [192.10393968923017, -456.7898224052042], [182.258233058732, -403.9709915658459], [409.91041271341965, -363.56365083158016], [412.986989909783, -381.0223965588957], [261.1803416884504, -407.72954583819956], [263.82278075860813, -423.06962023768574]]]], "centroids": [[267.0774491126649, -410.6829623049125, 100.5927734375]], "h": 10.0}, "mtl": {"idx": 0}}], "featureCount": 1, "startIndex": 0}