{"type": "block", "layer": 56, "block": 0, "features": [{"geom": {"polygons": [[[[-122.0124977864325, -281.208568258211], [-58.51117389043793, -270.2468213029206], [-44.57384115550667, -353.50159692391753], [-55.887726115528494, -355.4038037965074], [-43.678627809975296, -370.1577284904197], [-65.78771738475189, -388.4611736293882], [-84.11712709069252, -366.2861521029845], [-68.01854290207848, -352.86405123770237], [-68.38063479866832, -349.39891091454774], [-85.70558692421764, -352.34236411284655], [-92.43954226840287, -312.69685257971287], [-116.16515021119267, -317.04374654311687], [-122.0124977864325, -281.208568258211]]]], "centroids": [[-76.51762192836031, -319.333478779532, 88.41004943847656]], "h": 6.0}, "mtl": {"idx": 0}}], "featureCount": 1, "startIndex": 0}