{"type": "block", "layer": 57, "block": 0, "features": [{"geom": {"polygons": [[[[43.90210354886949, -452.4706931002438], [53.45935293287039, -444.47535166703165], [55.8158581755124, -447.36176272295415], [60.59635357744992, -443.4717402951792], [64.54361228039488, -448.3109630243853], [65.81134953070432, -447.27884522266686], [97.70005456218496, -486.44709600973874], [97.70005456218496, -486.44709600973874], [96.40443050861359, -487.50933193415403], [100.20030712941661, -492.13331739231944], [95.28509092796594, -496.168844900094], [97.47573717543855, -498.8360748635605], [99.54283028561622, -497.13235173467547], [112.47437504446134, -512.8131867935881], [110.21979150595143, -514.6721805948764], [116.27685903199017, -522.0177231533453], [121.26108655473217, -521.1606436027214], [122.51613589329645, -529.5664883386344], [132.33152454160154, -541.7494980348274], [122.81588728912175, -549.4695229558274], [100.68162252800539, -522.2739033726975], [98.8922524661757, -523.8449247134849], [96.92752324603498, -521.603055164218], [89.93294423539191, -527.7365152928978], [90.19964172318578, -528.0408285958692], [90.60658624349162, -527.7446275483817], [96.04447075817734, -526.9538918621838], [94.88495641574264, -532.217573704198], [94.47836165130138, -532.6044077388942], [104.35757994512096, -543.653708551079], [104.83262005494907, -543.3799374299124], [110.1581221264787, -542.8615822819993], [108.97536386083812, -547.9666335107759], [108.5915371128358, -548.3987956177443], [118.60750495502725, -559.628899958916], [119.03698645252734, -559.3099226886407], [124.31624762993306, -558.5197840984911], [123.24735443433747, -563.7830961756408], [122.93116388795897, -564.1016031969339], [128.00734429666772, -569.7730707144365], [87.94602820649743, -605.7835525898263], [82.80163973849267, -600.0443815132603], [82.30499611468986, -600.5903031276539], [77.00206313049421, -601.0857591219246], [78.38792522018775, -595.7306702220812], [78.70435443287715, -595.4574784422293], [68.734275017865, -584.3859559921548], [68.39577905274928, -584.7952174944803], [62.82103821169585, -585.3598409248516], [64.09314366336912, -579.8691294807941], [64.40944048343226, -579.5959382653236], [54.59783803485334, -568.4557243231684], [54.14616009220481, -568.9107749201357], [48.527036912273616, -569.7022305289283], [49.82119078794494, -564.098098388873], [50.25056097377092, -563.7338010119274], [50.25056097377092, -563.7338010119274], [40.41697014635429, -552.7751030307263], [39.987599856220186, -553.1394012514502], [34.43633366189897, -553.8851871127263], [35.59453088557348, -548.2815031707287], [35.95614522183314, -548.0082012526691], [26.25813283538446, -536.9356160406023], [25.874091542791575, -537.2771471384913], [20.232269660569727, -538.1139290081337], [21.52700290363282, -532.6457242108881], [21.956495582591742, -532.3042148454115], [16.380442436318845, -526.3398217372596], [56.396593074314296, -490.3969668764621], [61.969626396428794, -496.6014163251966], [62.51776036154479, -496.1093745790422], [67.65956638613716, -495.4789537368342], [66.52249266114086, -500.67455969937146], [66.13855724968016, -501.0614080578089], [76.17749866098166, -512.3820362966508], [76.69751898897812, -511.99486123770475], [81.88615665677935, -511.2277047308162], [80.63589275535196, -516.4689560635015], [87.80205091508105, -510.1553385704756], [85.98493350250646, -507.92533546406776], [87.83058753656223, -506.4224536558613], [43.90210354886949, -452.4706931002438]]]], "centroids": [[76.30009198980406, -532.8526432616636, 85.57827758789062]], "h": 6.0}, "mtl": {"idx": 0}}], "featureCount": 1, "startIndex": 0}