{"type": "block", "layer": 58, "block": 0, "features": [{"geom": {"polygons": [[[[-64.85857002437115, -551.04689283669], [-64.34194271313027, -597.2360749803483], [-64.34194271313027, -597.2360749803483], [-47.38852617284283, -597.0464663971215], [-47.38852617284283, -597.0464663971215], [-47.229165374767035, -611.2964842068031], [-54.021280587185174, -611.3724440410733], [-53.980204061605036, -615.0452785398811], [-53.609224129933864, -615.0411295564845], [-53.609224129933864, -615.0411295564845], [-53.13355916412547, -657.572825496085], [-80.63894919771701, -657.880477049388], [-80.87414210382849, -636.8559235073626], [-80.87414210382849, -636.8559235073626], [-80.87414210382849, -636.8559235073626], [-146.84004204766825, -637.5940826321021], [-147.22207908565179, -603.463691833429], [-101.42137958528474, -602.9511297335848], [-101.46843358548358, -598.745669124648], [-115.9093927172944, -598.906064174138], [-116.06987788388506, -584.5646104505286], [-96.89505995856598, -584.3500570738688], [-96.86090150149539, -587.4030982367694], [-92.09405982121825, -587.3498989008367], [-92.49701986694708, -551.3560707597062], [-64.85857002437115, -551.04689283669]]]], "centroids": [[-90.48167427023873, -609.819088733755, 81.47435760498047]], "h": 6.0}, "mtl": {"idx": 0}}], "featureCount": 1, "startIndex": 0}