{"type": "block", "layer": 59, "block": 0, "features": [{"geom": {"polygons": [[[[665.714078804478, -241.83651093486696], [675.0544561101124, -246.43700667191297], [709.0607446976937, -263.4186630733311], [716.1499493285082, -266.97082452848554], [723.5000463295728, -270.66413574758917], [722.2623271779157, -273.2503765420988], [718.5722755966708, -271.5024122335017], [716.0573575710878, -276.49643852654845], [712.3513398966752, -274.53981226403266], [708.6301748361439, -281.9224158897996], [701.4878323026933, -278.35760415066034], [698.076430100482, -284.99469042476267], [690.455769976601, -281.31593795400113], [692.4913904126734, -277.2781522134319], [697.1951963067986, -279.62441032007337], [698.582458846271, -276.8659615078941], [688.4430142831989, -271.90329373441637], [670.3525193901733, -268.5100757749751], [672.6165979742073, -263.9602252235636], [667.6018621632829, -261.4674235712737], [669.7395009677857, -257.0707026999444], [660.5182325448841, -252.45564226899296], [665.714078804478, -241.83651093486696]]]], "centroids": [[689.7100154226646, -263.710219505243, 95.59083557128906]], "h": 6.0}, "mtl": {"idx": 0}}], "featureCount": 1, "startIndex": 0}