{"type": "block", "layer": 61, "block": 0, "features": [{"geom": {"polygons": [[[[-234.6813215916045, -195.14306445606053], [-234.6813215916045, -195.14306445606053], [-229.508742462378, -224.58386818692088], [-246.52797895716503, -228.02804321609437], [-251.62884056009352, -198.66503704991192], [-234.6813215916045, -195.14306445606053]]]], "centroids": [[-240.5810077204369, -211.61221721582115, 90.37909698486328]], "h": 3.0}, "mtl": {"idx": 0}}], "featureCount": 1, "startIndex": 0}