{"type": "block", "layer": 64, "block": 0, "features": [{"geom": {"polygons": [[[[12.249801113735884, 134.09897359181195], [16.05276084691286, 140.6275266483426], [17.200017128139734, 139.9606566959992], [13.535915981046855, 133.67113189026713], [13.538071320392191, 133.47831291053444], [14.065862940624356, 86.26124765351415], [8.533886374440044, 86.1994100753218], [8.579447357915342, 82.1236361451447], [-7.088958092033863, 81.94847452174872], [-7.669519673567265, 133.8762913616374], [12.249801113735884, 134.09897359181195]]]], "centroids": [[3.1548302406445146, 108.78106948919594, 109.96571350097656]], "h": 9.0}, "mtl": {"idx": 0}}], "featureCount": 1, "startIndex": 0}