{"type": "block", "layer": 66, "block": 0, "features": [{"geom": {"polygons": [[[[703.4425265174359, -797.639103172347], [725.6922118840739, -768.8610989032313], [738.5602423064411, -777.2349365893751], [715.4778863997199, -807.7254679808393], [703.4425265174359, -797.639103172347]]]], "centroids": [[720.799083547201, -787.9641368724406, 22.31073570251465]], "h": 3.0}, "mtl": {"idx": 0}}], "featureCount": 1, "startIndex": 0}