{"type": "block", "layer": 67, "block": 0, "features": [{"geom": {"polygons": [[[[1065.4718506578356, -450.27063609752804], [1066.5129857808352, -455.20219518989325], [1073.698885969352, -463.1932783741504], [1083.9674222860485, -466.30218080990016], [1094.2163262483664, -464.0689773140475], [1102.1150903226808, -457.0167667930946], [1105.3552095228806, -446.97575316764414], [1104.3187871938571, -441.77380938176066], [1117.0988223473541, -439.15655902028084], [1118.8470531790517, -447.48122129030526], [1113.4822261654772, -464.3369547026232], [1100.429992110934, -476.12263225764036], [1083.19092556322, -479.83435749914497], [1066.4467579266056, -474.5392728475854], [1054.504682817962, -461.3940779538825], [1052.6662748558447, -453.0679199490696], [1065.4718506578356, -450.27063609752804]]]], "centroids": [[1088.529252352193, -462.8835028903559, 62.97393798828125]], "h": 12.0}, "mtl": {"idx": 0}}], "featureCount": 1, "startIndex": 0}