{"type": "block", "layer": 70, "block": 0, "features": [{"geom": {"polygons": [[[[941.7875801790506, -356.08116461895406], [949.3920133905485, -354.5782141163945], [950.9978526188061, -362.7025463208556], [966.4666654025204, -359.64528786204755], [966.9902331149206, -360.24414378684014], [974.5296124652959, -358.75399304647], [973.1242530941963, -351.64354271814227], [980.5987192187458, -350.1663056863472], [981.4723074133508, -354.5860094418749], [984.2671159366146, -354.0336116012186], [991.7416926566511, -392.5364120239392], [991.8716678926721, -392.51072258129716], [991.9487362145446, -392.9006482856348], [981.6145820482634, -394.94304272625595], [977.8371552648023, -376.172340371646], [954.5689218319021, -380.7712458530441], [955.5837480891496, -385.90586391370744], [943.884657509625, -388.2181129269302], [939.2987367776223, -365.01493928488344], [943.0033680349588, -364.2826987011358], [941.3976534386165, -356.15823527053], [941.7875801790506, -356.08116461895406]]]], "centroids": [[966.105274267029, -371.5542422318831, 69.04817962646484]], "h": 15.0}, "mtl": {"idx": 0}}], "featureCount": 1, "startIndex": 0}