{"type": "block", "layer": 75, "block": 0, "features": [{"geom": {"polygons": [[[[1023.5086525315419, -284.845567798242], [1025.9649855545722, -296.5185497114435], [1021.6638257587329, -297.5931594064459], [1022.1940957019106, -298.21089739724994], [1022.787550103385, -299.07772417832166], [1023.3743797554635, -300.32758903782815], [1023.8927873894572, -301.62127839401364], [1024.1202173437923, -302.7973371371627], [1024.2156278681941, -303.79066356178373], [1024.152904921677, -304.80389530118555], [1023.9739373722114, -306.01784722507], [1023.6129172863439, -307.34141600038856], [1028.1132719558664, -306.4730466315523], [1030.5270083546638, -318.009986449033], [1018.8058265000582, -320.64587163738906], [1016.5780287575908, -310.0813840702176], [1008.7300235903822, -311.63522139843553], [1006.1400035796687, -299.8697904404253], [1014.3074596612714, -298.09614892769605], [1011.7378212134354, -287.3212810596451], [1023.5086525315419, -284.845567798242]]]], "centroids": [[1018.8185008247383, -303.2555182306096, 75.85213470458984]], "h": 12.0}, "mtl": {"idx": 0}}], "featureCount": 1, "startIndex": 0}