{"type": "block", "layer": 78, "block": 0, "features": [{"geom": {"polygons": [[[[998.708696918562, -197.6892297770828], [1001.8742821086198, -196.96508952137083], [1001.5672179195099, -195.6226663235575], [1003.3739888491109, -195.2092176862061], [1003.4764843261801, -195.657441502437], [1009.2458867346868, -194.33730025868863], [1009.149526685942, -193.91657153330743], [1011.0604565371759, -193.47931060101837], [1011.372394667007, -194.84314788505435], [1017.5826204321347, -193.42218850459903], [1017.2839278788306, -192.11757096275687], [1019.2818271201104, -191.65986871998757], [1019.380006080959, -192.08932350669056], [1024.883179066237, -190.82806069310755], [1024.8017218480818, -190.47262917086482], [1026.8502456871793, -190.0032365443185], [1027.1510110762902, -191.31565011572093], [1033.077822369989, -189.9573377482593], [1032.7458727136254, -188.50930840987712], [1034.5314905419946, -188.10007493849844], [1034.6186586311087, -188.48062130156904], [1040.5101835341193, -187.1306546870619], [1040.427332913503, -186.76901010330766], [1042.5028221327811, -186.29335885867476], [1042.8013555272482, -187.5958594866097], [1048.6330038481392, -186.25954710040241], [1048.314554212615, -184.86967396177351], [1050.4029998243786, -184.3912305654958], [1050.5152302500792, -184.88108994346112], [1055.7688561347313, -183.67707014735788], [1055.6705060973763, -183.14822998736054], [1057.8499778830446, -182.7404712503776], [1058.1119527588598, -184.1523051513359], [1061.6290901829489, -183.47425001580268], [1064.2339170202613, -196.9756221100688], [1055.4789008786902, -199.02223269548267], [1055.745533626061, -200.1844866182655], [1041.590698263608, -203.43104681465775], [1041.357056343928, -202.41207477916032], [1024.5296946452, -206.27157973777503], [1024.7443999298848, -207.20780623797327], [1010.4439170509577, -210.4871632847935], [1010.1545002134517, -209.2304159635678], [1001.7867068788037, -211.14464197773486], [998.708696918562, -197.6892297770828]]]], "centroids": [[1031.6319163828157, -197.25706641189754, 75.55269622802734]], "h": 15.0}, "mtl": {"idx": 0}}], "featureCount": 1, "startIndex": 0}