{"type": "block", "layer": 79, "block": 0, "features": [{"geom": {"polygons": [[[[956.57193630049, -155.04265723377466], [956.1659110127948, -165.112781368196], [958.5980900879949, -164.96815829258412], [956.7771227736957, -202.26357720326632], [954.220512074884, -202.34756185859442], [953.8382388497703, -211.97768914233893], [932.6551055456512, -210.96546773705631], [935.4948432864621, -153.92456171289086], [956.57193630049, -155.04265723377466]]]], "centroids": [[945.4781795446761, -183.03229362983257, 81.3751449584961]], "h": 24.0}, "mtl": {"idx": 0}}], "featureCount": 1, "startIndex": 0}