{"type": "block", "layer": 81, "block": 0, "features": [{"geom": {"polygons": [[[[145.05145340505987, 192.67576539795846], [148.14627281855792, 173.30947518255562], [84.44592658150941, 162.78816743008792], [81.24992425646633, 182.13778066728264], [145.05145340505987, 192.67576539795846]]]], "centroids": [[114.72296884469688, 177.73035581968725, 121.32084655761719]], "h": 6.0}, "mtl": {"idx": 0}}], "featureCount": 1, "startIndex": 0}