{"type": "block", "layer": 83, "block": 0, "features": [{"geom": {"polygons": [[[[151.32856984157115, 154.00012259930372], [184.3427711953409, 159.51769590750337], [189.88399761496112, 126.31299377698451], [156.90476967627183, 120.97249661572278], [151.32856984157115, 154.00012259930372]]]], "centroids": [[170.62798626208678, 140.2083703270182, 117.03929138183594]], "h": 6.0}, "mtl": {"idx": 0}}], "featureCount": 1, "startIndex": 0}