{"type": "block", "layer": 85, "block": 0, "features": [{"geom": {"polygons": [[[[203.48794869333506, 323.4781547812745], [213.77304584532976, 325.3031178480014], [215.50959518458694, 316.1001409338787], [205.13922280538827, 314.2342082457617], [203.48794869333506, 323.4781547812745]]]], "centroids": [[209.47635644767433, 319.77180307079107, 121.2206039428711]], "h": 3.0}, "mtl": {"idx": 0}}], "featureCount": 1, "startIndex": 0}