{"type": "block", "layer": 87, "block": 0, "features": [{"geom": {"polygons": [[[[196.2931294227019, 430.3010983178392], [234.2046163151972, 437.3543991819024], [247.80203665280715, 364.2676072847098], [232.77133889868855, 361.508191594854], [220.68641148740426, 359.2228841818869], [209.89095648517832, 357.2144182510674], [196.2931294227019, 430.3010983178392]]]], "centroids": [[222.04562641261145, 397.29068066272885, 126.66227722167969]], "h": 12.0}, "mtl": {"idx": 0}}], "featureCount": 1, "startIndex": 0}