{"type": "block", "layer": 91, "block": 0, "features": [{"geom": {"polygons": [[[[353.5004918812774, 531.6332484893501], [367.02327367151156, 531.5709852296859], [367.3992931814864, 536.0470475591719], [387.5225995001383, 536.0582976341248], [387.0555284828879, 530.1970710651949], [373.64039435610175, 530.1540884999558], [373.29283920675516, 523.1229929318652], [353.27483364893124, 523.2193599129096], [353.5004918812774, 531.6332484893501]]]], "centroids": [[369.07193825859576, 529.7047889279202, 135.9333953857422]], "h": 3.0}, "mtl": {"idx": 0}}], "featureCount": 1, "startIndex": 0}