{"type": "block", "layer": 92, "block": 0, "features": [{"geom": {"polygons": [[[[469.27431159466505, 510.50934134889394], [465.3172295568511, 533.7496635084972], [581.7235096576624, 553.5165785048157], [585.6722702421248, 530.2613576948643], [556.795339090284, 525.39831475541], [557.6384187149815, 520.433764314279], [536.5394794535823, 517.044860959053], [535.7602356327698, 521.5779971303418], [499.77214404242113, 515.6749413097277], [500.21589255332947, 513.0619834009558], [489.7641952945851, 511.2871183985844], [489.3204440656118, 513.9000753164291], [486.1399549241178, 513.3615861274302], [469.27431159466505, 510.50934134889394]]]], "centroids": [[525.9554743189365, 531.4254243131727, 136.0160675048828]], "h": 9.0}, "mtl": {"idx": 0}}], "featureCount": 1, "startIndex": 0}