{"type": "block", "layer": 94, "block": 0, "features": [{"geom": {"polygons": [[[[510.7815143279731, 209.90065487101674], [513.6619150247425, 211.53859037719667], [507.8432845491916, 221.7609062967822], [513.0415071779862, 224.71830362081528], [514.226619890891, 229.0317942807451], [510.1553323925473, 236.18768583610654], [532.7298734686337, 249.03140394575894], [536.8011499810964, 241.8754932768643], [541.1146441423334, 240.69036759156734], [546.3124911976047, 243.6476162308827], [548.4844636749476, 239.6041293507442], [553.1124324062839, 231.69590283650905], [555.9946901295334, 233.33491032198071], [562.0365635356866, 222.7084619179368], [553.958026453387, 218.1151560842991], [552.7169842189178, 213.59816371742636], [530.4027104303241, 200.90267725102603], [525.884127244819, 202.14408579282463], [517.8072368730791, 197.54879021830857], [510.7815143279731, 209.90065487101674]]]], "centroids": [[532.2885566740297, 223.33329741563648, 130.01248168945312]], "h": 3.0}, "mtl": {"idx": 0}}], "featureCount": 1, "startIndex": 0}