{"type": "block", "layer": 97, "block": 0, "features": [{"geom": {"polygons": [[[[536.198780734092, 73.92275856807828], [592.8232014286332, 90.37896218709648], [599.2274031955749, 68.28398824669421], [589.8415556950495, 65.50156452413648], [590.5101755741052, 63.13598588760942], [552.761206401512, 52.194488825276494], [552.0495742885396, 54.5185030028224], [542.6422444065101, 51.882761776447296], [536.198780734092, 73.92275856807828]]]], "centroids": [[567.9721792982891, 70.28132277540863, 121.26809692382812]], "h": 24.0}, "mtl": {"idx": 0}}], "featureCount": 1, "startIndex": 0}