{"type": "block", "layer": 98, "block": 0, "features": [{"geom": {"polygons": [[[[849.933787394315, -238.1427892735228], [864.7623124043457, -242.74408768769354], [864.56489708554, -243.3802264854312], [866.0527520747855, -243.84462189488113], [860.5210482222028, -261.67071541398764], [859.0318663385697, -261.2059388710186], [858.7657440225594, -262.0632097898051], [843.9387078564614, -257.4623106457293], [849.933787394315, -238.1427892735228]]]], "centroids": [[855.0450070784427, -250.3085125759244, 90.98532104492188]], "h": 9.0}, "mtl": {"idx": 0}}], "featureCount": 1, "startIndex": 0}