{"type": "block", "layer": 99, "block": 0, "features": [{"geom": {"polygons": [[[[856.0265213986859, -201.9612093353644], [857.0161123219877, -161.66821269039065], [878.2085951175541, -162.43766634725034], [878.0782891241834, -172.19755757041276], [880.3998047662899, -172.30300619266927], [879.6189132318832, -192.94430608581752], [877.0908511225134, -192.85439966898412], [876.7953487974592, -202.6545214485377], [856.0265213986859, -201.9612093353644]]]], "centroids": [[867.6992170335725, -182.11772707942873, 92.7597885131836]], "h": 21.0}, "mtl": {"idx": 0}}], "featureCount": 1, "startIndex": 0}