{"type": "block", "layer": 12, "block": 0, "features": [{"geom": {"polygons": [[[[-1069.198995034676, 175.46989834681153], [-1028.3756463658065, 182.71639530174434], [-1027.627455394715, 178.52593558840454], [-1014.7365024401806, 180.82327077072114], [-1015.465924827382, 184.92462560534477], [-1001.3892209022306, 187.4849931029603], [-995.0799062442966, 151.2817220715806], [-971.2043616096489, 155.4427690524608], [-968.0885971714742, 137.56468643900007], [-991.8492619008757, 133.42045578733087], [-981.323459001258, 73.05824327468872], [-957.1563685312867, 77.2728673806414], [-954.015811664518, 59.27169646322727], [-977.921486990992, 55.10005755908787], [-972.5022154962644, 24.031709048897028], [-969.6031368756667, 24.597396698780358], [-965.9579209592193, 4.208879970945418], [-979.5341604379937, 1.7113737454637885], [-980.4119733460248, 7.175385487265885], [-996.6604083529674, 4.182175783440471], [-995.9839532333426, 0.357260444201529], [-1036.9723645225167, -6.886981138959527], [-1069.198995034676, 175.46989834681153]]]], "centroids": [[-1016.147213648539, 90.82351290341467, 91.87947082519531]], "h": 6.0}, "mtl": {"idx": 0}}], "featureCount": 1, "startIndex": 0}