{"type": "block", "layer": 103, "block": 0, "features": [{"geom": {"polygons": [[[[693.1957157966681, 548.2627037959173], [678.4051552396268, 557.6447247033939], [703.0613210410811, 596.1043252553791], [717.9584170584567, 586.7626405078918], [693.1957157966681, 548.2627037959173]]]], "centroids": [[698.1655737394467, 572.2044448610395, 127.40096282958984]], "h": 9.0}, "mtl": {"idx": 0}}], "featureCount": 1, "startIndex": 0}