{"type": "block", "layer": 106, "block": 0, "features": [{"geom": {"polygons": [[[[843.0457851630636, 532.9510107645765], [903.8762697209604, 536.1315382188186], [908.0198721839115, 536.2088853102177], [909.5602197814733, 512.1567684831098], [905.053395176772, 511.9582433793694], [905.0857246913947, 508.89873602893203], [849.1675828504376, 506.01603231485933], [849.0711851660162, 509.05534668732435], [844.3958777789958, 508.9446438718587], [838.587846828159, 523.2559853363782], [843.9065293231979, 523.7168028475717], [843.0457851630636, 532.9510107645765]]]], "centroids": [[875.6688373051584, 521.1821941602975, 124.72041320800781]], "h": 27.0}, "mtl": {"idx": 0}}], "featureCount": 1, "startIndex": 0}