{"type": "block", "layer": 112, "block": 0, "features": [{"geom": {"polygons": [[[[1105.2667023087852, 785.3115483699366], [1152.7712664948776, 795.4037215104327], [1151.7703291252255, 800.107492947951], [1164.6527359001338, 802.7965268297121], [1173.7597464290448, 758.4078178238124], [1155.7068893522955, 754.4654190661386], [1152.2668586974032, 770.7592259421945], [1149.1519120661542, 770.0283324634656], [1149.567977833096, 767.7826031614095], [1131.7899057734758, 763.6909206546843], [1131.2259807772934, 766.06422747951], [1128.4442425821908, 765.4980522729456], [1122.5389979062602, 764.2929549664259], [1122.6010080766864, 763.8270089207217], [1128.5339070647024, 765.1202622624114], [1133.7450145692565, 740.0758923646063], [1115.6702979388647, 735.9218028280884], [1105.2667023087852, 785.3115483699366]]]], "centroids": [[1138.4733482440934, 772.2835866045207, 113.04580688476562]], "h": 15.0}, "mtl": {"idx": 0}}], "featureCount": 1, "startIndex": 0}