{"type": "block", "layer": 113, "block": 0, "features": [{"geom": {"polygons": [[[[1080.7123932372779, 730.3587737930939], [1089.541148364544, 727.367407919839], [1086.1424495880492, 716.5693341577426], [1085.4031479400583, 716.9102291436866], [1084.0561506962404, 712.514751679264], [1084.690264787525, 712.3857970582321], [1083.3215803988278, 707.8424458224326], [1082.5187354483642, 708.1411558296531], [1081.1507594878785, 703.8093279795721], [1081.848325850442, 703.658943911083], [1079.6891445578076, 696.7066426891834], [1076.7095896946266, 697.6472078431398], [1075.4891758435406, 693.1667313044891], [1085.0617817598395, 690.1951401997358], [1085.8727508871816, 692.3712028590962], [1095.0863375579938, 689.591106091626], [1094.465651366394, 687.393295857124], [1096.4942182661034, 686.7731220144778], [1093.7147947666235, 677.7499939678237], [1091.3431679075584, 678.2059012921527], [1090.7270592949353, 676.1733834780753], [1081.5134842367843, 678.9534724280238], [1082.3465896965936, 681.4043741775677], [1074.8029153007083, 683.8194079203531], [1072.647957259789, 684.65141421929], [1071.4079167842865, 680.6153545416892], [1074.112555183936, 679.739205786027], [1071.9324048222043, 672.8504334185272], [1071.4043399961665, 673.0848594242707], [1069.9940969375893, 668.7531079174951], [1070.7762160007842, 668.6024684291333], [1069.385733528994, 663.8265747688711], [1068.730897965841, 664.1037285327911], [1067.405049518682, 659.7505178777501], [1067.912296823226, 659.6008116863668], [1064.4933398822322, 649.0567679703236], [1055.4698428660631, 651.7515935748816], [1055.2344871293753, 650.9485262138769], [1051.5577398668975, 652.1028125397861], [1051.7494984902442, 652.5463823396713], [1042.7471994701773, 655.241166700609], [1043.4948996296152, 657.480799978599], [1044.0658850451, 657.4155577784404], [1045.369873960968, 661.5995566993952], [1044.7148131146096, 661.8132258951664], [1046.18894606689, 666.2505141766742], [1046.8018226721324, 666.1003882298246], [1048.3607370839454, 670.6009045774117], [1047.7056454177946, 670.7933695083484], [1049.0313856522553, 675.1676583932713], [1049.5390836424194, 675.1449188636616], [1051.0753533951938, 679.2012223210186], [1050.3147564446554, 679.4786620996892], [1051.7047184896655, 684.0854556942359], [1052.6348152435385, 683.8920592041686], [1054.1937365825288, 688.3924504397437], [1053.3061411380768, 688.6492681819946], [1053.9896554294974, 690.6777443857864], [1057.0121631561778, 689.9274415075779], [1057.610222155694, 691.7023745616898], [1055.4125025947578, 692.3864013608545], [1056.7379622319713, 696.6549389986321], [1058.893692677375, 696.0767336916178], [1059.3426903700456, 697.513662959449], [1056.4056669082493, 698.5387151893228], [1057.325277629774, 701.6028585480526], [1057.980597527232, 701.4737430131063], [1059.392592587974, 705.4881824823096], [1058.6641126726754, 705.7257683230564], [1060.2876084749587, 710.5304585080594], [1060.9761742246337, 710.5172952897847], [1062.074060251005, 714.3508582748473], [1061.5113029545173, 714.5541018694639], [1062.9182598711923, 719.2525856960565], [1063.5395870576613, 719.1236241655424], [1064.91688129073, 723.158583458513], [1064.3498287717812, 723.340926782228], [1065.757199908141, 728.0718697421253], [1066.2324515315704, 727.951481022872], [1067.8962467354722, 732.197670340538], [1067.2625809689052, 732.4535907832906], [1067.9256332013756, 734.7148327166215], [1080.9120267666876, 731.0085980575532], [1080.7123932372779, 730.3587737930939]]], [[[1065.778346982319, 728.1429565902799], [1065.757199908141, 728.0718697421253], [1065.7251703036018, 728.0799833461642], [1065.778346982319, 728.1429565902799]]]], "centroids": [[1068.3915401580743, 690.9625069648027, 116.11734771728516], [1065.7535723978654, 728.0982698928565, 116.11734771728516]], "h": 18.0}, "mtl": {"idx": 0}}], "featureCount": 1, "startIndex": 0}