{"type": "block", "layer": 114, "block": 0, "features": [{"geom": {"polygons": [[[[1143.328229194507, 716.7164027709514], [1155.1379638109356, 710.8159730164334], [1154.8190713622607, 710.3515147631988], [1163.502099047415, 706.0061603188515], [1158.4103318564594, 695.6115090521052], [1157.522729365155, 695.953021443449], [1155.8170682447962, 692.08609094657], [1156.4513216312043, 691.8724484825507], [1154.2146346038207, 687.3935984456912], [1153.4539988338947, 687.7346592107788], [1151.7062878776342, 683.931409323588], [1152.3614819506183, 683.7176013570279], [1149.080127208028, 676.8509868588299], [1146.4393601384945, 678.1716961981729], [1144.3300961400382, 673.8194978805259], [1145.725303334184, 673.3916288828477], [1153.1195650645532, 669.6852692756802], [1154.2274622549303, 671.9882538244128], [1162.9744216068648, 667.7907290467992], [1161.7386853378266, 665.2554705664515], [1163.893948056735, 664.2750192862004], [1159.7398609295487, 655.8664941890165], [1157.4998497129418, 656.8049229858443], [1156.5416307682171, 654.9882485652342], [1147.901024847757, 659.3123089261353], [1148.9239761675708, 661.5308599956334], [1142.2909368746914, 665.023121570237], [1142.1855259719305, 665.171578397043], [1140.2414011056535, 665.9820756278932], [1138.4947917624377, 662.2701060986146], [1140.8809821908362, 660.9859943445772], [1137.7265563658439, 654.564517266117], [1137.685519858729, 654.4788273470476], [1137.030194951687, 654.6926322374493], [1135.1829098761082, 651.0787101602182], [1135.7644712063484, 650.7640327829868], [1133.6168536050245, 646.2816970422864], [1132.6868455954827, 646.6232664007694], [1130.8746730708517, 642.50284213759], [1131.5085658729076, 642.2257181322202], [1126.4814749383368, 632.1483075367287], [1117.6710803518072, 636.3672140557319], [1117.3946954892017, 635.9660460865125], [1117.3946954892017, 635.9660460865125], [1105.796488457825, 641.8234012713656], [1105.796488457825, 641.8234012713656], [1107.0744548635557, 644.3372611114755], [1107.6238543936051, 644.1028048861772], [1109.4346037996002, 647.8000605776906], [1108.8644484123215, 648.1616454934701], [1111.079420113936, 652.4923475794494], [1111.904182589613, 652.3203099789098], [1113.694311992731, 656.1446981308982], [1112.9972832817584, 656.5702154273167], [1115.0852321209386, 660.8589615663514], [1115.0852321209386, 660.8589615663514], [1115.9520148853771, 660.6023061769083], [1117.7637033723295, 664.5745704257861], [1117.7637033723295, 664.5745704257861], [1117.2780400197953, 664.893622521311], [1119.3229059372097, 668.99211605452], [1120.0419084862806, 668.8204975817353], [1122.0865815407597, 672.8767139334232], [1121.452849406749, 673.1750442963094], [1122.5600026962347, 675.2451749313623], [1125.83585454477, 674.0071721700951], [1126.347957877908, 675.2751586316153], [1124.2989313285798, 676.4033530717716], [1126.469710757956, 680.1418415615335], [1128.181657192763, 679.5225318074226], [1128.8632307737134, 680.8533563632518], [1127.1955186510459, 682.0862264735624], [1127.5363199268468, 682.7623075423762], [1126.4795051068068, 683.1255343174562], [1127.396888881456, 685.3866590699181], [1128.1363191935234, 685.0457634022459], [1129.947729427833, 688.9122755723074], [1129.5682149445638, 689.3155980966985], [1131.7622257187031, 693.7098276494071], [1132.5443232110702, 693.4534257352352], [1134.3347878330387, 697.4046587813646], [1133.9760286705568, 697.6808526208624], [1135.9370900723152, 702.0124728837982], [1136.7191576664336, 701.7348656952381], [1138.3397669629194, 705.5385745251551], [1137.9597404678352, 705.7725222455338], [1139.942584130913, 710.3157677771524], [1139.942584130913, 710.3157677771524], [1140.7883304110728, 710.0802130876109], [1142.5143860452808, 713.7565392330289], [1141.965207300149, 714.0546148121357], [1143.328229194507, 716.7164027709514]]]], "centroids": [[1136.8361057294533, 673.0870963931084, 107.93829345703125]], "h": 18.0}, "mtl": {"idx": 0}}], "featureCount": 1, "startIndex": 0}