{"type": "block", "layer": 115, "block": 0, "features": [{"geom": {"polygons": [[[[1035.4374071601778, 645.0693733543158], [1048.971570186317, 643.9673868827522], [1048.90590696875, 643.2907739048824], [1058.315453714691, 642.2234168546274], [1057.3901309077628, 630.9731973009184], [1056.396269752644, 631.0610588053241], [1056.0006548496895, 626.5144671602175], [1056.8044567294419, 626.5118364645168], [1056.2594221797772, 621.5638932101429], [1055.2441008295864, 621.5672301622108], [1054.8702651052736, 617.2321309614927], [1055.821878568735, 617.1655363105237], [1055.1646051560529, 610.2296546669677], [1052.1403623474762, 610.4087437288836], [1051.787026668433, 605.8620995990932], [1061.3448304357007, 604.8788163112476], [1061.6276638358831, 607.2470090324059], [1071.397016523406, 606.284346293658], [1071.135129998438, 603.8314367206767], [1073.2500046421774, 603.6976715633646], [1072.4146821298636, 594.0969848763198], [1069.7501938943751, 594.3173012686893], [1069.5529469754547, 592.2026538299397], [1060.100210395176, 592.9740054029971], [1060.4691345756873, 595.8495301911607], [1050.7634987575002, 596.8754386631772], [1050.389696108643, 592.561554858461], [1053.0751638794318, 592.2777311159298], [1052.417127055116, 585.0879391022027], [1051.677158409264, 585.2385124079883], [1051.282283771783, 580.9246655646712], [1051.9377901116386, 580.8378298087046], [1051.4777959291823, 576.0376896569505], [1050.6949158441275, 575.9345309706405], [1050.3418687069789, 571.4936616383493], [1050.955158602912, 571.4492969363928], [1049.7335221436806, 560.115435115993], [1040.2810403290205, 560.9502474665642], [1040.1943682720885, 560.315948292613], [1036.1764092184603, 560.6675760494545], [1036.1777590326965, 561.0483368290588], [1026.788370153401, 561.7982232505456], [1027.114658527542, 564.5257669016719], [1027.62244291557, 564.5665094666183], [1028.1863226792775, 568.8163562938571], [1027.5098386630416, 568.9665703335777], [1027.9710074290633, 574.126263320446], [1028.8380927979015, 574.0811323681846], [1029.2534559275955, 578.1834277650341], [1028.5554485097528, 578.2068415675312], [1029.0579944537021, 583.1126805683598], [1029.0579944537021, 583.1126805683598], [1029.7350541390479, 583.1738512748852], [1030.1929508107714, 587.3606429072097], [1029.4530839449726, 587.490011532791], [1029.8911272063851, 592.0574647588655], [1030.6104942215607, 592.1397780198604], [1031.1325798560865, 596.5378681328148], [1030.2661982364953, 596.7945187008008], [1030.6551011167467, 599.2892545703799], [1034.4196578771807, 599.1077682077885], [1034.6786208706908, 600.6509861955419], [1031.8663798151538, 600.9775324044749], [1032.3875676519237, 605.1216964544728], [1034.5659874491394, 605.0299915485084], [1034.8698863144964, 607.3981532817706], [1031.549918581266, 607.7262337300926], [1031.9175240132026, 610.1576540526003], [1032.5735121201724, 610.2189889773726], [1032.9899023193866, 614.6596504189074], [1032.2286344091408, 614.7467718021944], [1032.8585998998024, 619.7790124425665], [1033.5358854047954, 619.90379826352], [1033.845043561887, 623.8794342996553], [1033.2530167913064, 623.9660444734618], [1033.6920542465523, 628.8509265827015], [1034.326614354737, 628.8488091053441], [1034.8692641002126, 633.0776419863105], [1034.2772079990245, 633.14291520603], [1034.71666549379, 638.1335627604276], [1034.71666549379, 638.1335627604276], [1035.3299581962638, 638.0893313111737], [1035.7878912463784, 642.2972185444087], [1035.1750477030873, 642.4684155313298], [1035.4374071601778, 645.0693733543158]]]], "centroids": [[1044.9048598320223, 602.1097224960104, 116.23959350585938]], "h": 18.0}, "mtl": {"idx": 0}}], "featureCount": 1, "startIndex": 0}