{"type": "block", "layer": 116, "block": 0, "features": [{"geom": {"polygons": [[[[1038.3974312716164, 554.1663501448929], [1047.9996404787526, 553.8599865445867], [1047.8155500814319, 542.8612594390288], [1047.1595043977723, 542.7576497904956], [1047.0806933203712, 538.0619378332049], [1047.9055597204715, 538.0592760499567], [1047.677717931103, 533.046904030256], [1046.9160069585778, 533.0070618623868], [1046.6912770783529, 528.9465220281854], [1047.7484153080732, 528.8161598350853], [1047.6615192177705, 521.6667971499264], [1044.783865507692, 521.3800897784531], [1044.5591669878922, 517.3407591041178], [1046.69551564008, 517.3125959532335], [1046.6120168464258, 517.6724043115973], [1054.3331814184785, 517.8163342988119], [1054.678654012736, 519.972761919722], [1064.3450175351463, 519.8776755332947], [1064.1897939927876, 517.6782959019765], [1066.6224390217103, 517.7126470925286], [1066.6545963310637, 508.15159867703915], [1064.369507634081, 507.96873042173684], [1064.0657974462956, 505.6430038958788], [1054.5897611710243, 505.73741406202316], [1054.4925697259605, 508.33952247723937], [1046.158608111553, 508.3879926195368], [1044.5935263033025, 508.456539764069], [1044.430478466209, 503.88819565903395], [1047.5396625651047, 503.81448082253337], [1047.452796860598, 496.6863408498466], [1046.6914143073373, 496.6889103455469], [1046.6339000626467, 492.05667072348297], [1047.6069000726566, 492.03232478071004], [1047.6341016558, 487.4210365572944], [1046.6608152952977, 487.33962475694716], [1046.6892047598958, 483.0878907823935], [1047.6198559245095, 483.1060138931498], [1047.3915042285807, 471.4728806875646], [1037.7879949724302, 471.3774132858962], [1037.828441255726, 470.84842657018453], [1033.957633683458, 470.8398883640766], [1034.0434042834677, 471.2203877158463], [1024.6086537884548, 470.97636090870947], [1024.6175306485966, 473.70500232372433], [1025.2100293100812, 473.76642888970673], [1025.3935663532466, 478.1232120124623], [1024.5052838521078, 478.1685050697997], [1024.5842798301019, 482.9063329938799], [1025.240545869805, 483.0734251746908], [1025.423980761785, 487.4514152724296], [1024.556678477209, 487.4330638954416], [1024.6783696003258, 492.2765936842188], [1025.2919396883808, 492.33812119811773], [1025.5814609681256, 496.75797536969185], [1024.6929521043785, 496.73978671152145], [1024.7297023511492, 501.49888991657645], [1025.427766172681, 501.5177525645122], [1025.527321707923, 506.08645290415734], [1024.5754943368956, 506.0895621236414], [1024.6676459508017, 508.39492371305823], [1025.8095000665635, 508.28538107313216], [1025.8114543589763, 508.8987275362015], [1027.9483124264516, 509.03980836458504], [1028.0181760527194, 510.96444497816265], [1025.6490753362887, 510.97226811852306], [1025.7058738651685, 515.3929991945624], [1028.0960172377527, 515.3639400340617], [1028.1232763640583, 517.2464932706207], [1024.696362928953, 517.1942302938551], [1024.7257383451797, 519.7113368259743], [1025.275707313791, 519.6882718792185], [1025.4175087818876, 524.2357145221904], [1024.6982389874756, 524.2168820342049], [1024.7983069457114, 528.9547007605433], [1025.6653263629414, 528.867294056341], [1025.7439038692974, 533.4993870360777], [1024.8555241506547, 533.4811997432262], [1024.8082920969464, 538.4522264255211], [1025.4851239821874, 538.4499150328338], [1025.6476505314931, 542.8491676785052], [1024.8224251181819, 542.7884765099734], [1024.9193546632305, 547.632036620751], [1025.557467062492, 547.6299472153187], [1025.6560622705147, 551.9024643693119], [1024.873246352654, 551.8415801748633], [1024.9246254474856, 554.633532085456], [1038.3571690656245, 554.8223028155044], [1038.3974312716164, 554.1663501448929]]], [[[1024.9199230824597, 547.6604404784739], [1024.9193546632305, 547.632036620751], [1024.901707885787, 547.6320944018662], [1024.9199230824597, 547.6604404784739]]]], "centroids": [[1038.5468780626543, 512.866441367194, 116.75636291503906], [1024.913661877159, 547.6415238343179, 116.75636291503906]], "h": 18.0}, "mtl": {"idx": 0}}], "featureCount": 1, "startIndex": 0}