{"type": "block", "layer": 13, "block": 0, "features": [{"geom": {"polygons": [[[[-947.3616786352359, 240.01854730863124], [-932.6685961191542, 242.67960593942553], [-932.5314296996221, 241.91504825931042], [-926.865871399641, 242.9477916955948], [-927.3480842001736, 245.6365086780861], [-915.2117693340406, 247.8671748517081], [-915.0578088755719, 247.0234256805852], [-920.8482498284429, 245.95933092478663], [-920.0109544508159, 241.50214748922735], [-916.7251751739532, 242.1087679117918], [-916.8649501050822, 242.86971835792065], [-907.4851661417633, 244.5206588851288], [-907.394507934805, 244.00219816435128], [-901.8754561850801, 244.98278509639204], [-900.2985229622573, 236.9240651698783], [-892.1530234073289, 238.45572216343135], [-888.1450771107338, 216.30630123615265], [-889.0543528827839, 216.12271550949663], [-889.1265618926845, 216.4270968483761], [-890.597660175059, 216.15541323274374], [-889.9925382505171, 212.9075254322961], [-897.816469698213, 211.4888286711648], [-897.9464536039159, 212.20430025085807], [-901.5150810685009, 211.55580365285277], [-901.3704053871334, 210.75966018717736], [-929.1139851096086, 205.73974896315485], [-930.1513472045772, 211.439160711132], [-933.6394450534135, 210.8181970110163], [-932.8435412021354, 205.89515183959156], [-943.5233611902222, 203.91970024909824], [-947.9789658407681, 228.33834433369339], [-945.2355370745063, 228.81004697922617], [-947.3616786352359, 240.01854730863124]]]], "centroids": [[-919.5645915037021, 225.40272301714867, 100.43339538574219]], "h": 6.0}, "mtl": {"idx": 0}}], "featureCount": 1, "startIndex": 0}