{"type": "block", "layer": 118, "block": 0, "features": [{"geom": {"polygons": [[[[1121.8169537605718, 454.71027185115963], [1095.0371713847853, 454.2054761098698], [1095.0694498470984, 451.1571175856516], [1079.129329434596, 451.0611370950937], [1079.1454346124083, 501.20933166798204], [1094.9583575241268, 501.178669359535], [1095.1569316377863, 497.19836769625545], [1122.1239217412658, 497.42719246353954], [1121.8169537605718, 454.71027185115963]]]], "centroids": [[1099.7497050873935, 476.01639068406075, 105.8364028930664]], "h": 9.0}, "mtl": {"idx": 0}}], "featureCount": 1, "startIndex": 0}