{"type": "block", "layer": 119, "block": 0, "features": [{"geom": {"polygons": [[[[910.1880968208425, 307.02638373244554], [936.2052782750688, 282.174762096256], [938.2269396246411, 284.3710546353832], [946.0318176699802, 276.93217564187944], [946.3558339164592, 277.4223858984187], [946.707737762481, 277.18986710347235], [951.9971473054029, 282.95937258936465], [956.4768205382861, 278.73399575054646], [978.2309115449898, 302.20319037977606], [980.9994021342136, 299.3825189638883], [988.4134542043321, 307.0525978235528], [996.4870575633831, 299.51883642654866], [1002.3880070638843, 294.0739379171282], [992.0284758307971, 282.93893896136433], [1004.353202491533, 271.0035301502794], [1000.3800816475414, 266.7674690373242], [1040.4386426340789, 229.4646684648469], [1014.8689237451181, 201.75700119137764], [975.7896822127514, 237.8183800475672], [968.8550226748921, 230.3036718228832], [949.0537858661264, 248.52377959433943], [944.7822547480464, 243.97734712716192], [905.4464558619075, 280.0951244775206], [910.1536900792271, 285.06227457430214], [907.4465758488514, 287.5211548861116], [892.9822548157535, 280.13159811124206], [885.2965811500326, 294.4206191673875], [910.1880968208425, 307.02638373244554]]]], "centroids": [[971.7745924117044, 259.9138938765973, 94.38593292236328]], "h": 9.0}, "mtl": {"idx": 0}}], "featureCount": 1, "startIndex": 0}