{"type": "block", "layer": 120, "block": 0, "features": [{"geom": {"polygons": [[[[1112.3276484543458, 260.90869446098804], [1120.877590386197, 263.6464356277138], [1124.3797799865715, 250.28687475062907], [1129.2802528468892, 251.8709166487679], [1125.0945118609816, 238.35263405926526], [1125.151503894478, 237.1181678203866], [1128.281543571502, 238.1461750343442], [1130.0206810999662, 238.2962137646973], [1131.7338306237943, 238.2438699733466], [1133.1063746237196, 238.0621278230101], [1134.878017428331, 237.4900201605633], [1133.928973023314, 234.80020979233086], [1135.5350183779374, 233.77993930596858], [1136.9570811092854, 232.559911981225], [1137.951298919972, 231.36987218540162], [1138.9133311277255, 229.63918824866414], [1139.7810841165483, 227.6620327476412], [1140.3940823427401, 225.3059650324285], [1140.9244436421432, 222.09422387834638], [1141.1766492221504, 219.7445030193776], [1141.229514669627, 217.60103292390704], [1141.1554612256587, 215.9334993045777], [1140.5363945094869, 212.76444002892822], [1139.9564638715237, 210.25046710576862], [1171.4513965295628, 220.29960194509476], [1172.4209945737384, 225.46962864417583], [1163.5015854383819, 227.40664198435843], [1165.6634737462737, 237.58524142671376], [1175.4998178882524, 235.20368412602693], [1177.3805001438595, 235.71215885970742], [1174.477745280601, 245.14445483218879], [1186.7680488107726, 248.98976168315858], [1189.9599855970591, 239.3268884215504], [1187.4184068394825, 238.42401409707963], [1189.184083759319, 232.3266291199252], [1201.9011098891497, 229.60186303779483], [1198.777918398846, 215.22446327842772], [1186.9691897570156, 217.81905749160796], [1184.5127006187104, 207.55559320840985], [1183.0309523120522, 207.94220424536616], [1182.3793708248995, 205.49529337137938], [1183.3657104293816, 203.85446234885603], [1186.649160749279, 205.91714218258858], [1192.0760785513557, 197.31771956104785], [1188.7661116593517, 195.23235423397273], [1190.1345617827028, 193.0471143173054], [1193.459479902871, 195.1465586675331], [1199.0426959441975, 186.30118910502642], [1196.0299479621463, 184.39801716804504], [1197.2731139040552, 182.3490821570158], [1205.2436735588126, 187.20475562755018], [1212.3589830189012, 176.17383588664234], [1203.7169411657378, 170.73150451667607], [1201.0569479423575, 174.67942650523037], [1198.867065673694, 173.25169373396784], [1201.2810002318583, 169.42085084039718], [1196.2178150354885, 166.17140196170658], [1199.686093640048, 160.72102957312018], [1202.330067478586, 162.3212859192863], [1207.8850574437529, 153.6771919252351], [1199.3053444931284, 148.16094966884702], [1203.7584151262417, 140.94438292831182], [1213.6279045152478, 135.08718399703503], [1210.408727164846, 129.81335982587188], [1214.7943110666238, 127.05798964761198], [1197.6630936553702, 99.3826188147068], [1191.910123271402, 102.77869285084307], [1188.5737089053728, 97.31129749305546], [1189.8564049890265, 96.52837702818215], [1183.0041366559453, 85.59532031882554], [1164.3640123363584, 96.90655976627022], [1167.0780686219223, 101.19070705305785], [1161.7736573689617, 104.43164112977684], [1166.0379562978633, 111.40916569437832], [1163.8259049905464, 112.97029657755047], [1166.842673283536, 117.79065965581685], [1181.1088398322463, 109.21751081384718], [1197.2206029328518, 135.35411291010678], [1189.0525536686182, 148.2201322754845], [1183.1093830922619, 144.4735458046198], [1177.7542594419792, 152.9699474023655], [1185.6395946107805, 158.32719568535686], [1184.2158090672456, 163.33595072384924], [1175.1727116894908, 160.76471902616322], [1172.0527983973734, 170.67439566832036], [1181.0302397524938, 173.3595369309187], [1176.4440976958722, 188.43655027728528], [1146.2114375052042, 178.63439820054919], [1147.2730446355417, 174.84969991631806], [1142.8379518426955, 153.27685813140124], [1146.549707567785, 152.55764853116125], [1144.8973210854456, 144.6262103766203], [1112.8305321652442, 151.22861476428807], [1115.3790841000155, 162.88875738997012], [1109.559928161092, 164.14029426593333], [1113.0145895448513, 181.21969293337315], [1109.181657045614, 179.97837028466165], [1108.216274372302, 182.8142250906676], [1107.6703971703537, 182.553083114326], [1105.3995434683748, 189.4259072812274], [1104.507688837126, 192.5987825943157], [1103.7342973519117, 196.10784915369004], [1103.1468200329691, 199.92933743540198], [1102.594563596882, 204.47199676930904], [1098.4416349083185, 204.363887950778], [1098.4714781828225, 212.55254047270864], [1102.664904215373, 212.60596888046712], [1103.090631081257, 215.70132977422327], [1103.4113943050615, 217.50398197676986], [1103.7135725542903, 218.80656017642468], [1104.0310079776682, 220.10758460499346], [1104.3812087927945, 221.40565874800086], [1104.7314096973278, 222.7037330493331], [1105.0814781906083, 224.00180605053902], [1105.2279741647653, 224.55921989213675], [1105.9882500683889, 226.61879199836403], [1106.6843503885902, 228.23847980145365], [1107.8104269369505, 230.36610794998705], [1107.9679279089905, 230.71942900586873], [1109.4059162135236, 232.9946918208152], [1110.4043433903717, 234.64621775969863], [1111.4541831626557, 236.65757745038718], [1112.6013256344013, 239.07327588181943], [1113.5482995561324, 241.65029107686132], [1114.108496285975, 244.0310040684417], [1114.5219019679353, 246.55162609368563], [1114.6002301932313, 247.66474354453385], [1114.5957277799025, 249.43703306559473], [1114.481529663317, 251.19445946533233], [1114.2313053915277, 252.933285840787], [1113.8936168304645, 254.66014547739178], [1112.3276484543458, 260.90869446098804]]]], "centroids": [[1156.7713527609594, 183.37932168412954, 86.94223022460938]], "h": 9.0}, "mtl": {"idx": 0}}], "featureCount": 1, "startIndex": 0}