{"type": "block", "layer": 123, "block": 0, "features": [{"geom": {"polygons": [[[[292.7892949683592, -154.49655661545694], [292.73252972820774, -153.92167372070253], [293.21005833148956, -153.55988255143166], [293.8727422002703, -153.17707739863545], [294.4689444792457, -152.92872183397412], [295.23113470803946, -152.72304106038064], [296.15989533858374, -152.62416623625904], [296.897464428097, -152.6586135663092], [297.6719240047969, -152.8046254767105], [298.65673433151096, -153.16893110983074], [299.5738962246105, -153.72945167776197], [299.6429207609035, -154.00139954220504], [300.48234960762784, -154.0437226612121], [300.6149393413216, -159.3281626701355], [302.2251209830865, -159.23163071274757], [302.127422622405, -157.32661455124617], [310.58689352544025, -157.02360112965107], [310.6798394941725, -157.65837527252734], [311.03697173064575, -157.72992826905102], [311.54186699027196, -158.4560517547652], [311.93550190795213, -159.2463603457436], [312.20777322538197, -160.07419847417623], [312.32798497285694, -160.68229789752513], [312.39122679270804, -161.5886623999104], [312.33195961266756, -162.40601675398648], [312.1765826572664, -163.16070235799998], [311.9077400667593, -163.93626499082893], [311.5790435341187, -164.5968086551875], [311.0802396791987, -164.6667713392526], [310.94750655349344, -165.57452488318086], [305.59541920525953, -165.8435602830723], [305.6996943266131, -169.56303652003407], [313.115071663633, -169.08230010326952], [314.1464143968187, -172.00456464197487], [314.56173686357215, -173.90842291433364], [314.8643031832762, -176.0394764598459], [311.8932586135343, -176.11831151042134], [312.02042056946084, -179.90590669680387], [317.26000939914957, -179.86406790278852], [317.3302959026769, -180.4989606719464], [317.8229898675345, -180.57046041917056], [318.3078412748873, -181.26990534830838], [318.80402111355215, -182.3437123252079], [319.1004768246785, -183.72453057672828], [319.11418605968356, -184.60971255600452], [319.01160819549114, -185.40528510510921], [318.79901751084253, -186.18671202939004], [318.5638624764979, -186.7627266990021], [318.28893654001877, -187.27783006243408], [318.0991629171185, -187.57399668172002], [317.7814400950447, -187.50703995395452], [317.7849022843875, -188.45965354982764], [309.3028011727147, -188.76291187945753], [309.0003292663023, -186.69984058476985], [307.59436291642487, -186.77302476204932], [307.7727363789454, -192.17076724395156], [306.88881043577567, -192.33274804707617], [306.964503061492, -192.8344018952921], [306.2841553944163, -193.2729253442958], [305.3780552665703, -193.6805715635419], [304.61768650636077, -193.8948438409716], [303.4161748359911, -194.0259112911299], [302.41949138464406, -193.95128471404314], [301.14850186835974, -193.60328951198608], [300.1393723129295, -193.08977911248803], [299.82238018186763, -192.8743978543207], [299.8437771140598, -192.51146524213254], [299.2993064634502, -192.49076696299016], [298.8600799087435, -184.00912170112133], [300.8785203504376, -183.91108631156385], [300.82753538619727, -182.36877879034728], [297.08550287410617, -182.54128812253475], [296.85033359052613, -180.2512618638575], [296.37416817620397, -180.34297035820782], [295.5614483417012, -180.40212172828615], [295.24080913327634, -180.34699207451195], [294.6663884022273, -180.1241444600746], [294.0528824389912, -179.6404123129323], [293.7347872531973, -179.19539411365986], [293.52577879233286, -178.68144436646253], [293.41039001662284, -178.13756250124425], [290.2870611259714, -180.00891473237425], [287.0945888129063, -175.39335036464036], [291.9144616564736, -172.24550976138562], [292.8271846836433, -173.73925193119794], [292.4611292607151, -170.216698682867], [294.25247326446697, -170.07401810958982], [294.1459998083301, -168.73706352803856], [290.7907689367421, -169.00411981344223], [290.4437012625858, -164.4747649570927], [294.0619661347009, -164.19483726844192], [293.94908874994144, -162.8659042082727], [292.1095921578817, -162.98049842845649], [291.7914681476541, -154.54558075033128], [292.7892949683592, -154.49655661545694]]]], "centroids": [[303.0362633331679, -173.35945417080075, 94.83895111083984]], "h": 12.0}, "mtl": {"idx": 0}}], "featureCount": 1, "startIndex": 0}