{"type": "block", "layer": 124, "block": 0, "features": [{"geom": {"polygons": [[[[330.77722330391407, -210.76542310137302], [330.5763787748292, -211.67340109683573], [331.12614730000496, -211.75340874213725], [331.2835083017126, -212.31815630756319], [331.39788808021694, -213.00953706353903], [331.4143643248826, -214.08365180436522], [331.248815247789, -215.10281365457922], [330.9018440586515, -216.097361815162], [330.3617314826697, -217.0502000004053], [329.41288578370586, -218.11678565572947], [328.8003300190903, -218.05086192768067], [328.48581831203774, -218.9139909381047], [323.17378890374675, -217.6858134754002], [322.2343297409825, -221.31844461988658], [325.3449205965735, -222.1689743064344], [324.1092448453419, -225.41703438200057], [322.1932428809814, -228.7129606641829], [315.108478883747, -226.56130752526224], [314.1232494353317, -230.0580886863172], [314.6377012548037, -230.2442604424432], [319.2774638389237, -231.51355860382318], [319.05338537460193, -232.2629087883979], [319.43682683445513, -232.40055815223604], [319.6479634558782, -232.9273358201608], [319.8586413981393, -233.76963592134416], [319.9280108199455, -234.67897318582982], [319.80852555297315, -235.74095191061497], [319.59120855806395, -236.4786976231262], [319.27954642334953, -237.15746573917568], [318.20799884106964, -238.6880262568593], [317.7400698955171, -238.9002295844257], [317.3315816516988, -238.83375484589487], [317.03940454823896, -239.56054098624736], [308.91173938987777, -237.5261333109811], [309.38208540156484, -235.91401843167841], [307.74743025097996, -235.466318693012], [306.4274520506151, -240.50664797611535], [305.42859863163903, -240.2607043189928], [305.3347207386978, -240.90934936050326], [304.4717078092508, -241.0806374726817], [303.4951027967036, -241.13061599526554], [302.6502581126988, -241.05350201856345], [301.5069918320514, -240.76252353098243], [300.48739869100973, -240.29657242633402], [299.589643759653, -239.68124440312386], [298.97151566203684, -239.1034810943529], [298.7326350985095, -238.83395924698561], [298.6860420675948, -238.49391623958945], [298.02791752200574, -238.4055775711313], [300.3137493324466, -230.0094112129882], [302.13017226336524, -230.5245213340968], [302.55832048878074, -229.01424911711365], [299.16249818587676, -228.05135428067297], [300.3069904255681, -223.97079061344266], [303.6212104880251, -224.91220092587173], [304.0188168864697, -223.44374548830092], [302.1281118225306, -222.94589455146343], [302.95424609677866, -220.15572949685156], [301.75742457062006, -221.63442007824779], [296.81793189188465, -216.84381602331996], [301.58703364338726, -212.2219337783754], [304.8855849551037, -215.4425115203485], [305.20160389784724, -214.86930721625686], [306.01034077769145, -214.1796954041347], [306.7067133327946, -213.94254941865802], [307.38468229956925, -213.92081282660365], [308.0160286044702, -214.0794187169522], [308.5965960258618, -214.41404040623456], [309.33555738814175, -211.78015265986323], [312.5370303024538, -212.67578118946403], [312.9175462410785, -211.29073413740844], [311.3056424483657, -210.91102427616715], [313.724865690805, -202.53243248723447], [314.67863151291385, -202.84646318573505], [314.8300565215759, -202.62890830542892], [315.4860469563864, -202.41858327761292], [316.0593631323427, -202.30472316686064], [316.65163905732334, -202.25121114309877], [317.44000403396785, -202.2779378676787], [318.3434123378247, -202.4491489417851], [319.1941882199608, -202.76088263560086], [320.098233000841, -203.28643201477826], [320.9542166288011, -204.04163563624024], [321.2956105344929, -204.44902467541397], [321.25109739787877, -204.67598899640143], [322.02310836175457, -204.8999482151121], [320.49882577126846, -209.8729982804507], [322.04261926654726, -210.25293879117817], [322.5126320873387, -208.52739089727402], [330.77722330391407, -210.76542310137302]]]], "centroids": [[312.9799449816346, -222.11863803863525, 95.81302642822266]], "h": 12.0}, "mtl": {"idx": 0}}], "featureCount": 1, "startIndex": 0}