{"type": "block", "layer": 125, "block": 0, "features": [{"geom": {"polygons": [[[[336.6056242296472, -257.2704822262749], [336.31378415226936, -258.1108274050057], [336.88343343278393, -258.3222001455724], [336.9881010930985, -259.1766784945503], [336.97472568042576, -260.00981231499463], [336.82370443688706, -260.9413479277864], [336.54087547864765, -261.81737121008337], [336.0882261521183, -262.71092361118644], [335.5055742408149, -263.50879180431366], [334.8388687139377, -264.17229966819286], [334.5993294371292, -264.3667172426358], [334.1221546474844, -264.14159283041954], [333.7623377335258, -264.98216499667615], [328.5389988524839, -263.23195599392056], [327.26008874736726, -267.0472468994558], [330.12171615473926, -268.0802380917594], [326.56099736271426, -274.376178865321], [319.5873737721704, -271.61160865519196], [318.2385207526386, -274.90557159110904], [323.2581152324565, -276.7925455402583], [323.0564669542946, -277.47366243600845], [323.6550584998913, -277.6780857015401], [323.76239387039095, -278.37947877217084], [323.78533581085503, -279.344057623297], [323.52692645508796, -280.86528311111033], [323.15840576961637, -281.82839413546026], [322.4466615850106, -282.9925112668425], [321.9983933879994, -283.5180222969502], [321.1245722412132, -284.2886566892266], [320.71562778158113, -284.085962863639], [320.49132128059864, -284.7671993272379], [312.4061276949942, -281.93883104994893], [312.9448095392436, -280.3944717552513], [311.4686673041433, -279.9008793840185], [309.62622485961765, -284.67084984946996], [308.8767570089549, -284.4239822681993], [308.6427697869949, -285.17582429759204], [307.93534223595634, -285.2648085327819], [307.1188086778857, -285.2663572207093], [306.3363866028376, -285.16588754672557], [305.3266229694709, -284.87991491053253], [304.4430290334858, -284.46465995907784], [303.68573709670454, -283.95576741173863], [302.9878124659881, -283.3162169056013], [302.53425944503397, -282.7731952033937], [302.1985762435943, -282.2716615283862], [302.1973006669432, -281.93137987330556], [301.49386199982837, -281.84328147303313], [304.61557367583737, -273.8502194583416], [306.2508118483238, -274.4340023752302], [306.77125723287463, -272.97743664868176], [303.5180773283355, -271.81617108359933], [305.02526218350977, -267.5933709954843], [308.3081937148236, -268.76066660508513], [308.6709245732054, -267.670537176542], [307.0020883916877, -267.1279423329979], [308.0737364925444, -264.3110685767606], [306.7166708232835, -265.3820691835135], [302.34329461911693, -260.3172293845564], [307.43137255776674, -256.10247685946524], [310.5057737096213, -259.4135301215574], [310.749195728451, -259.0800610911101], [311.807706982363, -258.3893914166838], [312.4637841223739, -258.2822950789705], [313.20478670531884, -258.3877326902002], [313.80668764794245, -258.6749402899295], [314.22329266462475, -259.0298078805208], [315.1666659335606, -256.48601671494544], [318.3915879824199, -257.6083787381649], [318.88587925443426, -256.313637602143], [317.29631756804883, -255.7977197477594], [320.3284369846806, -247.57572730537504], [321.19189879717305, -248.003533503972], [321.42368162283674, -247.48175853397697], [322.1327335322276, -247.3242468526587], [322.9035682589747, -247.26463736593723], [323.9265800546855, -247.3597769876942], [324.7732020416297, -247.59642034675926], [325.88966330559924, -248.16955833509564], [326.9147826838307, -249.0720851821825], [327.5286310361698, -249.93188805505633], [327.484923588112, -250.38570696860552], [328.2573998221196, -250.72309278231114], [326.3920436138287, -255.44774490687996], [327.7774204374291, -255.9416897976771], [328.47404775209725, -254.17002747487277], [336.6056242296472, -257.2704822262749]]]], "centroids": [[317.81900974782184, -267.00895252544433, 97.11823272705078]], "h": 12.0}, "mtl": {"idx": 0}}], "featureCount": 1, "startIndex": 0}