{"type": "block", "layer": 126, "block": 0, "features": [{"geom": {"polygons": [[[[340.59351526619866, -298.65297477599233], [340.50564312702045, -299.42452139779925], [340.99938488332555, -299.4479073053226], [341.3075351770967, -300.1664082026109], [341.5410036575049, -301.00884651672095], [341.6585287451744, -302.0064251953736], [341.4629245167598, -303.77700009476393], [341.0324269621633, -304.93400373123586], [340.4838693109341, -305.84213710576296], [339.6772629702464, -306.7462553465739], [339.22320529818535, -306.6570980679244], [339.08897102437913, -307.15671269688755], [333.77755535254255, -306.1099447645247], [333.2472959039733, -309.96789253130555], [336.26581502938643, -310.4784866878763], [335.43714347993955, -313.3622057689354], [333.8178350450471, -317.1559594590217], [326.4181857709773, -315.70869063027203], [325.7967038205825, -319.43076525535434], [331.0393180921674, -320.27356088906527], [330.9065850120969, -321.1812995960936], [331.4419554686174, -321.3135446161032], [331.68433437263593, -321.9923599846661], [331.9049003487453, -323.1276620980352], [331.91967949131504, -324.1803163876757], [331.74938592594117, -325.2492120442912], [331.3136818455532, -326.45013349317014], [330.85278987232596, -327.2458446621895], [330.1681370353326, -328.0820808624849], [329.73710023472086, -328.060912033543], [329.55858145840466, -328.85546385589987], [321.0929004913196, -327.4346580086276], [321.42602834291756, -325.46007380541414], [319.8828299352899, -325.23888223804533], [318.9489244176075, -330.39120676834136], [318.1095233610831, -330.3262226777151], [318.11534763593227, -330.88443633075804], [317.3302828115411, -331.17663260083646], [316.4987137983553, -331.36254154890776], [315.43461163993925, -331.432045484893], [314.30390814179555, -331.3041845206171], [313.3307186802849, -331.0178047269583], [312.349922826048, -330.53645022027194], [311.0796918370761, -329.5178001942113], [311.2137106307782, -328.92768213059753], [310.57813072158024, -328.8165648486465], [312.0441355621442, -320.30545288696885], [313.8600826850161, -320.6843419549987], [314.12718096002936, -319.2771197091788], [310.6788120046258, -318.804187647067], [311.3430810193531, -314.35612334962934], [314.86664402345195, -314.8817531876266], [315.038415546529, -313.648390321061], [313.2733574132435, -313.42450443003327], [313.6888252031058, -310.74111179821193], [312.6725027267821, -311.94691754784435], [307.53071843786165, -307.65606346633285], [311.6405076077208, -302.62840133253485], [315.2757072565146, -305.51298849564046], [315.50199930975214, -304.9267435334623], [315.9165753852576, -304.4102222947404], [316.6629304024391, -303.97375162970275], [317.295805697795, -303.8658546358347], [317.83595650456846, -303.92754857987165], [318.65012653404847, -304.33231406100094], [319.0667489520274, -304.7840474890545], [319.57698951335624, -301.6747574573383], [322.9137124880217, -302.3430704148486], [323.15734831709415, -300.7091112546623], [321.43250094586983, -300.44316611159593], [322.98904729029164, -291.88636454660445], [323.8515792833641, -292.06465585902333], [323.8973738718778, -291.60790031123906], [325.6717312913388, -291.14393813628703], [326.55832515470684, -291.11510741431266], [327.48009878071025, -291.22277149930596], [328.57600040966645, -291.5448901290074], [329.62211381131783, -292.08435639180243], [330.5695001441054, -292.837475201115], [330.5483312336728, -293.26851355843246], [330.5483312336728, -293.26851355843246], [331.41098445653915, -293.4695965433493], [330.409453001339, -298.6901400377974], [331.8164364024997, -298.9117918210104], [332.1048143263906, -297.1188472080976], [340.59351526619866, -298.65297477599233]]]], "centroids": [[323.97082817787305, -311.57266310136765, 99.50272369384766]], "h": 12.0}, "mtl": {"idx": 0}}], "featureCount": 1, "startIndex": 0}