{"type": "block", "layer": 128, "block": 0, "features": [{"geom": {"polygons": [[[[331.3783908672631, -404.8235959429294], [371.83371653594077, -397.7090465435758], [373.0386486784555, -404.56029297504574], [379.5962930088863, -403.4071341166273], [381.3061369052157, -413.12946056202054], [327.73534998716787, -422.55046365689486], [326.0255868313834, -412.82815538160503], [332.58321805484593, -411.67483339458704], [331.3783908672631, -404.8235959429294]]]], "centroids": [[353.15967146726325, -410.1005203584209, 98.56559753417969]], "h": 12.0}, "mtl": {"idx": 0}}], "featureCount": 1, "startIndex": 0}