{"type": "block", "layer": 130, "block": 0, "features": [{"geom": {"polygons": [[[[415.59220381779596, -486.2409662809223], [419.36899292236194, -478.5613596672192], [421.1738744424656, -479.44896428938955], [421.8760543819517, -478.0211544986814], [418.586650790181, -476.3959582867101], [419.7410826301202, -473.9796126894653], [418.6778604951687, -473.85311013273895], [418.3387313936837, -473.6954876277596], [417.7891375925392, -473.2608747938648], [417.44736546324566, -472.78260422870517], [417.25695417262614, -472.3072860734537], [417.1858039260842, -471.9272406613454], [417.1839028224349, -471.48281864542514], [417.39710077364, -470.70816817414016], [412.9759422792122, -470.9894284103066], [412.4780102064833, -464.4964798633009], [419.06307763420045, -463.7505224170163], [419.1842967905104, -465.8542499728501], [420.5596056696959, -463.1504100691527], [422.1587448879145, -464.06588197126985], [422.80005748337135, -462.871967991814], [419.64551027771086, -461.26739670336246], [421.63916556630284, -457.4372124634683], [424.88394788233563, -459.0650298986584], [425.57131085917354, -457.7582329073921], [423.7688962062821, -456.81878599338233], [427.4846490970813, -449.20172177255154], [428.07078034523875, -449.4545209025964], [428.20909355953336, -449.0710821682587], [428.6664313580841, -448.97945985384285], [429.56634523300454, -448.91047222167253], [430.40242303116247, -448.97550220694393], [431.3938247896731, -449.22087393701077], [432.29195042839274, -449.62205795105547], [432.96603765524924, -450.06244219187647], [433.530041529797, -450.5534789673984], [434.1713919104077, -451.3146409448236], [434.53754729265347, -451.91203468386084], [434.3353037456982, -452.5043608052656], [435.214200259652, -452.9399470547214], [433.0568073312752, -457.5603972701356], [434.408952946309, -458.20286515075713], [435.0522811259143, -456.7375450739637], [442.57708651805297, -460.70133487228304], [442.3472398542799, -461.24242061190307], [442.8887627949007, -461.4044165024534], [442.8868200057186, -462.17022221907973], [442.84445504052565, -462.626003427431], [442.70485845720395, -463.38221056293696], [442.42336991243064, -464.27184624876827], [441.98070478532463, -465.1933563342318], [441.48311971127987, -465.9428153419867], [440.89489178778604, -466.62040214799345], [440.4125959756784, -467.0649145497009], [439.7269275672734, -467.57185133732855], [439.38769421493635, -467.4881705418229], [438.9522662186064, -468.32174480706453], [434.17446657735854, -466.0276307435706], [432.5462101115845, -469.3402589587495], [439.44388884538785, -472.4404239002615], [437.2717183707282, -479.20877153240144], [434.54436195641756, -477.94635657873005], [432.93717766646296, -481.48520777747035], [437.5332174790092, -483.8911930061877], [437.30278772255406, -484.5226567061618], [437.8217808995396, -484.6845052316785], [437.77617521677166, -485.7656418289989], [437.69076048908755, -486.3061783481389], [437.4703550087288, -487.1476930100471], [437.174886347726, -487.9003332518041], [436.7875821250491, -488.6286862641573], [436.3553335587494, -489.2597463959828], [435.443065952044, -490.2421374116093], [435.02275922195986, -490.5889606876299], [434.6328172706999, -490.86614258028567], [434.198063231539, -490.58184372540563], [433.7175923814066, -491.3924632649869], [426.1470355759375, -487.5189122958109], [427.04114383552223, -485.73873994965106], [425.7110930401832, -485.1642721584067], [423.23509075539187, -490.0764684844762], [422.24227986391634, -489.77559213060886], [422.1263507651165, -490.1818370288238], [421.90498513914645, -490.2110691824928], [420.86414243187755, -490.23776528798044], [419.9000411252491, -490.0994256772101], [419.0374806798063, -489.8335398528725], [418.16997428564355, -489.4090933324769], [417.4026766587049, -488.86837881058455], [416.7915244414471, -488.2843170519918], [416.26543025299907, -487.61569358129054], [416.63791806902736, -486.80640782788396], [415.59220381779596, -486.2409662809223]]]], "centroids": [[427.96690768236294, -471.0976841133088, 93.12200164794922]], "h": 12.0}, "mtl": {"idx": 0}}], "featureCount": 1, "startIndex": 0}