{"type": "block", "layer": 15, "block": 0, "features": [{"geom": {"polygons": [[[[-750.2711585937068, 109.48206872493029], [-713.8153651994653, 116.38237581867725], [-706.3711895719171, 121.03143568430096], [-698.1212136335671, 124.3782782163471], [-697.9338364503346, 117.11169593967497], [-705.8131599756889, 116.82783842738718], [-712.8296539788134, 111.17432668525726], [-749.2854301026091, 104.2741597853601], [-750.2711585937068, 109.48206872493029]]]], "centroids": [[-723.6514847371727, 112.73188455868512, 106.1298599243164]], "h": 3.0}, "mtl": {"idx": 0}}], "featureCount": 1, "startIndex": 0}