{"type": "block", "layer": 17, "block": 0, "features": [{"geom": {"polygons": [[[[-921.5984724941663, -115.3562118280679], [-912.7426593108103, -122.10547157097608], [-916.9966694978066, -127.34991347417235], [-910.7323649963364, -133.16936483699828], [-896.7390780160204, -145.93722651712596], [-907.7345286621712, -157.7320896210149], [-905.366116406396, -164.40590882021934], [-911.5809572967701, -171.37710731569678], [-898.2263981173746, -185.17221945524216], [-907.2055335487239, -193.0923583144322], [-911.7136304010637, -191.04122164100409], [-913.6870680237189, -193.37850779481232], [-926.308065334335, -185.7864137943834], [-940.4625827870332, -174.21919943392277], [-961.25616575405, -194.9871903397143], [-964.6563165285625, -191.58465036097914], [-954.6029141582549, -180.23437570314854], [-962.626678656321, -173.22310362011194], [-955.7222302001901, -165.58522973489016], [-958.6709380620159, -163.53136495966464], [-948.4757154490799, -149.78318284265697], [-945.4206244214438, -154.20828209072351], [-941.6446708906442, -150.146767642349], [-945.5880149942823, -146.68526516202837], [-921.5984724941663, -115.3562118280679]]]], "centroids": [[-927.2437190632336, -159.28335443977267, 87.94807434082031]], "h": 9.0}, "mtl": {"idx": 0}}], "featureCount": 1, "startIndex": 0}