{"type": "block", "layer": 19, "block": 0, "features": [{"geom": {"polygons": [[[[-797.4498645286076, -210.2856847094372], [-796.377594939433, -216.20113189518452], [-794.3490901519544, -215.83348551020026], [-793.2991543156095, -221.62514736130834], [-795.3146970132366, -221.99052710272372], [-793.929189065937, -229.6337439417839], [-802.0026449295692, -231.06915382482111], [-801.1667925524525, -235.35970660485327], [-794.7512702113017, -234.10900838673115], [-784.2880740831606, -290.92723492439836], [-805.9163926127367, -294.65020059607923], [-806.0270381798036, -293.3903832780197], [-816.0837227031589, -238.2158947158605], [-809.4499924341217, -237.0205058120191], [-810.202266776003, -232.6444688923657], [-817.8864203453995, -234.05364215467125], [-821.7607199200429, -214.69129664544016], [-797.4498645286076, -210.2856847094372]]]], "centroids": [[-802.3344991928898, -252.10065894201398, 80.4178466796875]], "h": 9.0}, "mtl": {"idx": 0}}], "featureCount": 1, "startIndex": 0}